<?xml version="1.0" encoding="UTF-8"?>

<!--
  ~ Copyright (C) 2001-2016 Food and Agriculture Organization of the
  ~ United Nations (FAO-UN), United Nations World Food Programme (WFP)
  ~ and United Nations Environment Programme (UNEP)
  ~
  ~ This program is free software; you can redistribute it and/or modify
  ~ it under the terms of the GNU General Public License as published by
  ~ the Free Software Foundation; either version 2 of the License, or (at
  ~ your option) any later version.
  ~
  ~ This program is distributed in the hope that it will be useful, but
  ~ WITHOUT ANY WARRANTY; without even the implied warranty of
  ~ MERCHANTABILITY or FITNESS FOR A PARTICULAR PURPOSE. See the GNU
  ~ General Public License for more details.
  ~
  ~ You should have received a copy of the GNU General Public License
  ~ along with this program; if not, write to the Free Software
  ~ Foundation, Inc., 51 Franklin St, Fifth Floor, Boston, MA 02110-1301, USA
  ~
  ~ Contact: Jeroen Ticheler - FAO - Viale delle Terme di Caracalla 2,
  ~ Rome - Italy. email: geonetwork@osgeo.org
  -->

<codelists xmlns:gmd="http://www.isotc211.org/2005/gmd">
  <!-- ==================================================== -->
  <codelist name="gmd:CI_DateTypeCode">
    <entry>
      <code>creation</code>
      <label>Création</label>
      <description>Date à laquelle la ressource est créée</description>
    </entry>
    <!-- - - - - - - - - - - - - - - - - - - - - - - - - -->
    <entry>
      <code>publication</code>
      <label>Publication</label>
      <description>Date à laquelle la ressource est publiée</description>
    </entry>
    <!-- - - - - - - - - - - - - - - - - - - - - - - - - -->
    <entry>
      <code>revision</code>
      <label>Révision</label>
      <description>Date à laquelle la ressource est révisée</description>
    </entry>
    <!-- ISO PROFIL FRA ONLY
        <entry>
            <code>validity</code>
            <label>Validité</label>
            <description>Date à laquelle la ressource est validée</description>
        </entry>
        <entry>
            <code>useBy</code>
            <label>Péremption</label>
            <description>Date de péremption de la ressource</description>
        </entry>
-->
  </codelist>
  <!-- ==================================================== -->
  <codelist name="gmd:CI_OnLineFunctionCode" alias="function">
    <entry>
      <code>download</code>
      <label>Téléchargement</label>
      <description>Téléchargement de la ressource</description>
    </entry>
    <!-- - - - - - - - - - - - - - - - - - - - - - - - - -->
    <entry>
      <code>information</code>
      <label>Information</label>
      <description>Online information about the resource</description>
    </entry>
    <!-- - - - - - - - - - - - - - - - - - - - - - - - - -->
    <entry>
      <code>offlineAccess</code>
      <label>Commande hors ligne</label>
      <description>Instruction pour une commande auprès du distributeur</description>
    </entry>
    <!-- - - - - - - - - - - - - - - - - - - - - - - - - -->
    <entry>
      <code>order</code>
      <label>Commande en ligne</label>
      <description>Commande en ligne pour obtenir la ressource</description>
    </entry>
    <!-- - - - - - - - - - - - - - - - - - - - - - - - - -->
    <entry>
      <code>search</code>
      <label>Interface de recherche</label>
      <description>Interface de recherche pour trouver la ressource</description>
    </entry>
    <!-- - - - - - - - - - - - - - - - - - - - - - - - - -->
  </codelist>
  <!-- ==================================================== -->
  <codelist name="gmd:CI_PresentationFormCode">
    <entry>
      <code>documentDigital</code>
      <label>Document numérique</label>
      <description>Document numérique contenant du texte et pouvant contenir des illustrations
      </description>
    </entry>
    <!-- - - - - - - - - - - - - - - - - - - - - - - - - -->
    <entry>
      <code>imageDigital</code>
      <label>Image numérique</label>
      <description>Aspects à travers la télédétection, stocké sous format numérique</description>
    </entry>
    <!-- - - - - - - - - - - - - - - - - - - - - - - - - -->
    <entry>
      <code>documentHardcopy</code>
      <label>Document papier</label>
      <description>Document papier contenant du texte et pouvant contenir des illustrations
      </description>
    </entry>
    <!-- - - - - - - - - - - - - - - - - - - - - - - - - -->
    <entry>
      <code>imageHardcopy</code>
      <label>Image papier</label>
      <description>Aspects à travers la télédétection, reproduit sur un support utilisable par
        l’homme
      </description>
    </entry>
    <!-- - - - - - - - - - - - - - - - - - - - - - - - - -->
    <entry>
      <code>mapDigital</code>
      <label>Carte numérique</label>
      <description>Carte numérique au format raster ou vecteur</description>
    </entry>
    <!-- - - - - - - - - - - - - - - - - - - - - - - - - -->
    <entry>
      <code>mapHardcopy</code>
      <label>Carte papier</label>
      <description>Carte imprimée sur papier ou autre support utilisable par l’homme</description>
    </entry>
    <!-- - - - - - - - - - - - - - - - - - - - - - - - - -->
    <entry>
      <code>modelDigital</code>
      <label>Modèle numérique de terrain</label>
      <description>Modèle numérique 3D sous forme digitale</description>
    </entry>
    <!-- - - - - - - - - - - - - - - - - - - - - - - - - -->
    <entry>
      <code>modelHardcopy</code>
      <label>Modèle numérique physique</label>
      <description>Modèle numérique 3D physique</description>
    </entry>
    <!-- - - - - - - - - - - - - - - - - - - - - - - - - -->
    <entry>
      <code>profileDigital</code>
      <label>Profil numérique</label>
      <description>Profil vertical sous forme numérique</description>
    </entry>
    <!-- - - - - - - - - - - - - - - - - - - - - - - - - -->
    <entry>
      <code>profileHardcopy</code>
      <label>Profil papier</label>
      <description>Profil vertical sous forme papier</description>
    </entry>
    <!-- - - - - - - - - - - - - - - - - - - - - - - - - -->
    <entry>
      <code>tableDigital</code>
      <label>Table numérique</label>
      <description>Représentation numérique d’informations sous forme de colonnes</description>
    </entry>
    <!-- - - - - - - - - - - - - - - - - - - - - - - - - -->
    <entry>
      <code>tableHardcopy</code>
      <label>Table papier</label>
      <description>Représentation d’informations sous forme de colonnes sur papier ou autre support
        utilisable par l’homme
      </description>
    </entry>
    <!-- - - - - - - - - - - - - - - - - - - - - - - - - -->
    <entry>
      <code>videoDigital</code>
      <label>Vidéo numérique</label>
      <description>Vidéo numérique</description>
    </entry>
    <!-- - - - - - - - - - - - - - - - - - - - - - - - - -->
    <entry>
      <code>videoHardcopy</code>
      <label>Vidéo magnétique</label>
      <description>Vidéo enregistré sur bande</description>
    </entry>
    <!-- - - - - - - - - - - - - - - - - - - - - - - - - -->
  </codelist>
  <!-- ==================================================== -->
  <codelist name="gmd:CI_RoleCode" alias="roleCode">
    <entry>
      <code>resourceProvider</code>
      <label>Fournisseur</label>
      <description>Organisme qui fournit la ressource. Acteur qui délivre physiquement la ressource,
        soit de manière directe au destinataire, soit par l’intermédiaire d’un diffuseur
      </description>
    </entry>
    <!-- - - - - - - - - - - - - - - - - - - - - - - - - -->
    <entry>
      <code>custodian</code>
      <label>Gestionnaire</label>
      <description>Acteur responsable de la gestion et de la mise à jour de la ressource
      </description>
    </entry>
    <!-- - - - - - - - - - - - - - - - - - - - - - - - - -->
    <entry>
      <code>owner</code>
      <label>Propriétaire</label>
      <description>Organisme qui est propriétaire de la ressource / Acteur qui détient les droits
        patrimoniaux de la ressource
      </description>
    </entry>
    <!-- - - - - - - - - - - - - - - - - - - - - - - - - -->
    <entry>
      <code>user</code>
      <label>Utilisateur</label>
      <description>Organisme qui utilise ou a utilisé la ressource</description>
    </entry>
    <!-- - - - - - - - - - - - - - - - - - - - - - - - - -->
    <entry>
      <code>distributor</code>
      <label>Distributeur</label>
      <description>Organisme qui distribue la ressource. Diffuseur de second niveau de la
        ressource
      </description>
    </entry>
    <!-- - - - - - - - - - - - - - - - - - - - - - - - - -->
    <entry>
      <code>originator</code>
      <label>A l’origine de</label>
      <description>Organisme qui a commandé la ressource. Acteur qui a été habilité à créer la
        ressource et qui a mis en place les moyens pour la constituer
      </description>
    </entry>
    <!-- - - - - - - - - - - - - - - - - - - - - - - - - -->
    <entry>
      <code>pointOfContact</code>
      <label>Point de contact</label>
      <description>Organisme que l’on peut contacter pour avoir des renseignements détaillés sur la
        ressource. Acteur à contacter en premier lieu pour obtenir des informations relatives à la
        ressource
      </description>
    </entry>
    <!-- - - - - - - - - - - - - - - - - - - - - - - - - -->
    <entry>
      <code>principalInvestigator</code>
      <label>Point de recherche</label>
      <description>Personne clé pour obtenir des informations sur la ressource et les recherches
        conduites autour de la ressource&#xA;Acteur qui a assuré la réalisation de la
        ressource,éventuellement en faisant appel à des co-traitants ou des sous traitants
      </description>
    </entry>
    <!-- - - - - - - - - - - - - - - - - - - - - - - - - -->
    <entry>
      <code>processor</code>
      <label>Exécutant</label>
      <description>Organisme qui a réalisé des traitements sur la ressource. Acteur qui est
        intervenu lors de la réalisation de la ressource
      </description>
    </entry>
    <!-- - - - - - - - - - - - - - - - - - - - - - - - - -->
    <entry>
      <code>publisher</code>
      <label>Editeur (publication)</label>
      <description>Organisme qui assure la publication de la ressource.</description>
    </entry>
    <!-- - - - - - - - - - - - - - - - - - - - - - - - - -->
    <entry>
      <code>author</code>
      <label>Auteur</label>
      <description>Organisme ou personne qui est auteur. Acteur qui dispose des droits moraux
        relatifs à la ressource
      </description>
    </entry>
    <!-- ISO PROFIL CHE ONLY
        <entry>
            <code>editor</code>
            <label>Editeur</label>
            <description></description>
        </entry>
        <entry>
            <code>partner</code>
            <label>Partenaire</label>
            <description></description>
        </entry>-->
  </codelist>
  <!-- ==================================================== -->
  <codelist name="gmd:DQ_EvaluationMethodTypeCode">
    <entry>
      <code>directInternal</code>
      <label>Directe interne</label>
      <description>Méthode d’évaluation de la qualité d’un jeu de données basée sur l’analyse des
        données du jeu où toutes les données requises sont internes au jeu de données
      </description>
    </entry>
    <!-- - - - - - - - - - - - - - - - - - - - - - - - - -->
    <entry>
      <code>directExternal</code>
      <label>Directe externe</label>
      <description>Méthode d’évaluation de la qualité d’un jeu de données basée sur l’analyse des
        données du jeu où les références vers des données externes sont requises.
      </description>
    </entry>
    <!-- - - - - - - - - - - - - - - - - - - - - - - - - -->
    <entry>
      <code>indirect</code>
      <label>Indirecte</label>
      <description>Méthode d’évaluation de la qualité basée sur une connaissance externe.
      </description>
    </entry>
    <!-- - - - - - - - - - - - - - - - - - - - - - - - - -->
  </codelist>
  <!-- ==================================================== -->
  <codelist name="gmd:DS_AssociationTypeCode" alias="associationType">
    <entry>
      <code>crossReference</code>
      <label>Référence croisée</label>
      <description>Référence d’un jeu de données à un autre</description>
    </entry>
    <!-- - - - - - - - - - - - - - - - - - - - - - - - - -->
    <entry>
      <code>largerWorkCitation</code>
      <label>Référence mère</label>
      <description>Référence à un jeu de données maître</description>
    </entry>
    <!-- - - - - - - - - - - - - - - - - - - - - - - - - -->
    <entry>
      <code>partOfSeamlessDatabase</code>
      <label>Partie d'une même base de données</label>
      <description>Référence à un jeu de données stocké dans une même base de données</description>
    </entry>
    <!-- - - - - - - - - - - - - - - - - - - - - - - - - -->
    <entry>
      <code>source</code>
      <label>Source</label>
      <description>Références vers la source des données qui a permis de produire les cartes,…
      </description>
    </entry>
    <!-- - - - - - - - - - - - - - - - - - - - - - - - - -->
    <entry>
      <code>stereoMate</code>
      <label>Stéréo restitution</label>
      <description>Partie d’un ensemble d’images qui, utilisé ensemble, fournit une vision 3D de
        l’image.
      </description>
    </entry>
    <!-- - - - - - - - - - - - - - - - - - - - - - - - - -->
  </codelist>
  <!-- ==================================================== -->
  <codelist name="gmd:DS_InitiativeTypeCode" alias="initiativeType">
    <entry>
      <code>campaign</code>
      <label>Campagne</label>
      <description>Séries d’actions planifiées</description>
    </entry>
    <!-- - - - - - - - - - - - - - - - - - - - - - - - - -->
    <entry>
      <code>collection</code>
      <label>Collection</label>
      <description>Accumulation de données dans un but précis</description>
    </entry>
    <!-- - - - - - - - - - - - - - - - - - - - - - - - - -->
    <entry>
      <code>exercise</code>
      <label>Exercice</label>
      <description>Action spécifique répondant à une ou des fonctions</description>
    </entry>
    <!-- - - - - - - - - - - - - - - - - - - - - - - - - -->
    <entry>
      <code>experiment</code>
      <label>Expérimentation</label>
      <description>Recherche pour vérifier si une hypothèse est valide</description>
    </entry>
    <!-- - - - - - - - - - - - - - - - - - - - - - - - - -->
    <entry>
      <code>investigation</code>
      <label>Investigation</label>
      <description>Recherche systématique</description>
    </entry>
    <!-- - - - - - - - - - - - - - - - - - - - - - - - - -->
    <entry>
      <code>mission</code>
      <label>Mission</label>
      <description>Spécifique opération d’une collecte de données</description>
    </entry>
    <!-- - - - - - - - - - - - - - - - - - - - - - - - - -->
    <entry>
      <code>sensor</code>
      <label>Capteur</label>
      <description>Part d’un équipement qui détecte une information</description>
    </entry>
    <!-- - - - - - - - - - - - - - - - - - - - - - - - - -->
    <entry>
      <code>operation</code>
      <label>Opération</label>
      <description>Action qui est une partie d’une série d’action</description>
    </entry>
    <!-- - - - - - - - - - - - - - - - - - - - - - - - - -->
    <entry>
      <code>platform</code>
      <label>Plate-forme</label>
      <description>Véhicule ou autre support supportant un capteur</description>
    </entry>
    <!-- - - - - - - - - - - - - - - - - - - - - - - - - -->
    <entry>
      <code>process</code>
      <label>Processus</label>
      <description>Méthode pour faire quelque chose</description>
    </entry>
    <!-- - - - - - - - - - - - - - - - - - - - - - - - - -->
    <entry>
      <code>program</code>
      <label>Programme</label>
      <description>Action spécifiquement planifiée</description>
    </entry>
    <!-- - - - - - - - - - - - - - - - - - - - - - - - - -->
    <entry>
      <code>project</code>
      <label>Projet</label>
      <description>Recherche ou développement organisé</description>
    </entry>
    <!-- - - - - - - - - - - - - - - - - - - - - - - - - -->
    <entry>
      <code>study</code>
      <label>Etude</label>
      <description>Investigation</description>
    </entry>
    <!-- - - - - - - - - - - - - - - - - - - - - - - - - -->
    <entry>
      <code>task</code>
      <label>Tâche</label>
      <description>Partie d'un travail</description>
    </entry>
    <!-- - - - - - - - - - - - - - - - - - - - - - - - - -->
    <entry>
      <code>trial</code>
      <label>Essai</label>
      <description>Processus visant à tester ou démontrer quelque chose</description>
    </entry>
    <!-- - - - - - - - - - - - - - - - - - - - - - - - - -->
  </codelist>
  <!-- ==================================================== -->
  <codelist name="gmd:MD_CellGeometryCode">
    <entry>
      <code>point</code>
      <label>Point</label>
      <description>Chaque cellule représente un point</description>
    </entry>
    <!-- - - - - - - - - - - - - - - - - - - - - - - - - -->
    <entry>
      <code>area</code>
      <label>Surface</label>
      <description>Chaque cellule représente une surface</description>
    </entry>
    <!-- - - - - - - - - - - - - - - - - - - - - - - - - -->
  </codelist>
  <!-- ==================================================== -->
  <codelist name="gmd:MD_CharacterSetCode">
    <entry>
      <code>ucs2</code>
      <label>Ucs2</label>
      <description>16-bit fixed size Universal Character Set, based on ISO 10646</description>
    </entry>
    <!-- - - - - - - - - - - - - - - - - - - - - - - - - -->
    <entry>
      <code>ucs4</code>
      <label>Ucs4</label>
      <description>32-bit fixed size Universal Character Set, based on ISO/IEC
        10646
      </description>
    </entry>
    <!-- - - - - - - - - - - - - - - - - - - - - - - - - -->
    <entry>
      <code>utf7</code>
      <label>Utf7</label>
      <description>7-bit variable size UCS Transfer Format, based on ISO/IEC 10646</description>
    </entry>
    <!-- - - - - - - - - - - - - - - - - - - - - - - - - -->
    <entry>
      <code>utf8</code>
      <label>Utf8</label>
      <description>8-bit variable size UCS Transfer Format, based on ISO/IEC 10646</description>
    </entry>
    <!-- - - - - - - - - - - - - - - - - - - - - - - - - -->
    <entry>
      <code>utf16</code>
      <label>Utf16</label>
      <description>16-bit variable size UCS Transfer Format, based on ISO/IEC 10646</description>
    </entry>
    <!-- - - - - - - - - - - - - - - - - - - - - - - - - -->
    <entry>
      <code>8859part1</code>
      <label>8859part1</label>
      <description>ISO/IEC 8859-1, Information technology - 8-bit single byte coded graphic
        character sets - Part 1 : Latin alphabet No.1
      </description>
    </entry>
    <!-- - - - - - - - - - - - - - - - - - - - - - - - - -->
    <entry>
      <code>8859part2</code>
      <label>8859part2</label>
      <description>ISO/IEC 8859-2, Information technology - 8-bit single byte coded graphic
        character sets - Part 2 : Latin alphabet No.2
      </description>
    </entry>
    <!-- - - - - - - - - - - - - - - - - - - - - - - - - -->
    <entry>
      <code>8859part3</code>
      <label>8859part3</label>
      <description>ISO/IEC 8859-3, Information technology - 8-bit single byte coded graphic
        character sets - Part 3 : Latin alphabet No.3
      </description>
    </entry>
    <!-- - - - - - - - - - - - - - - - - - - - - - - - - -->
    <entry>
      <code>8859part4</code>
      <label>8859part4</label>
      <description>ISO/IEC 8859-4, Information technology - 8-bit single byte coded graphic
        character sets - Part 4 : Latin alphabet No.4
      </description>
    </entry>
    <!-- - - - - - - - - - - - - - - - - - - - - - - - - -->
    <entry>
      <code>8859part5</code>
      <label>8859part5</label>
      <description>ISO/IEC 8859-5, Information technology - 8-bit single byte coded graphic
        character sets - Part 5 : Latin/Cyrillic alphabet
      </description>
    </entry>
    <!-- - - - - - - - - - - - - - - - - - - - - - - - - -->
    <entry>
      <code>8859part6</code>
      <label>8859part6</label>
      <description>ISO/IEC 8859-6, Information technology - 8-bit single byte coded graphic
        character sets - Part 6 : Latin/Arabic alphabet
      </description>
    </entry>
    <!-- - - - - - - - - - - - - - - - - - - - - - - - - -->
    <entry>
      <code>8859part7</code>
      <label>8859part7</label>
      <description>ISO/IEC 8859-7, Information technology - 8-bit single byte coded graphic
        character sets - Part 7 : Latin/Greek alphabet
      </description>
    </entry>
    <!-- - - - - - - - - - - - - - - - - - - - - - - - - -->
    <entry>
      <code>8859part8</code>
      <label>8859part8</label>
      <description>ISO/IEC 8859-8, Information technology - 8-bit single byte coded graphic
        character sets - Part 8 : Latin/Hebrew alphabet
      </description>
    </entry>
    <!-- - - - - - - - - - - - - - - - - - - - - - - - - -->
    <entry>
      <code>8859part9</code>
      <label>8859part9</label>
      <description>ISO/IEC 8859-9, Information technology - 8-bit single byte coded graphic
        character sets - Part 9 : Latin alphabet No.5
      </description>
    </entry>
    <!-- - - - - - - - - - - - - - - - - - - - - - - - - -->
    <entry>
      <code>8859part10</code>
      <label>8859part10</label>
      <description>ISO/IEC 8859-10, Information technology - 8-bit single byte coded graphic
        character sets - Part 10 : Latin alphabet No.6
      </description>
    </entry>
    <!-- - - - - - - - - - - - - - - - - - - - - - - - - -->
    <entry>
      <code>8859part11</code>
      <label>8859part11</label>
      <description>ISO/IEC 8859-11, Information technology - 8-bit single byte coded graphic
        character sets - Part 11 : Latin/Thai alphabet
      </description>
    </entry>
    <!-- - - - - - - - - - - - - - - - - - - - - - - - - -->
    <entry>
      <code>8859part13</code>
      <label>8859part13</label>
      <description>ISO/IEC 8859-13, Information technology - 8-bit single byte coded graphic
        character sets - Part 13 : Latin alphabet No.7
      </description>
    </entry>
    <!-- - - - - - - - - - - - - - - - - - - - - - - - - -->
    <entry>
      <code>8859part14</code>
      <label>8859part14</label>
      <description>ISO/IEC 8859-14, Information technology - 8-bit single byte coded graphic
        character sets - Part 14 : Latin alphabet No.8 (Celtic)
      </description>
    </entry>
    <!-- - - - - - - - - - - - - - - - - - - - - - - - - -->
    <entry>
      <code>8859part15</code>
      <label>8859part15</label>
      <description>ISO/IEC 8859-15, Information technology - 8-bit single byte coded graphic
        character sets - Part 15 : Latin alphabet No.9
      </description>
    </entry>
    <!-- - - - - - - - - - - - - - - - - - - - - - - - - -->
    <entry>
      <code>8859part16</code>
      <label>8859part16</label>
      <description>ISO/IEC 8859-16, Information technology - 8-bit single byte coded graphic
        character sets - Part 16 : Latin alphabet No.10
      </description>
    </entry>
    <!-- - - - - - - - - - - - - - - - - - - - - - - - - -->
    <entry>
      <code>jis</code>
      <label>Jis</label>
      <description>Japanese code set used for electronic transmission</description>
    </entry>
    <!-- - - - - - - - - - - - - - - - - - - - - - - - - -->
    <entry>
      <code>shiftJIS</code>
      <label>ShiftJIS</label>
      <description>Japanese code set used on MS-DOS machines</description>
    </entry>
    <!-- - - - - - - - - - - - - - - - - - - - - - - - - -->
    <entry>
      <code>eucJP</code>
      <label>EucJP</label>
      <description>Japanese code set used on UNIX based machines</description>
    </entry>
    <!-- - - - - - - - - - - - - - - - - - - - - - - - - -->
    <entry>
      <code>usAscii</code>
      <label>UsAscii</label>
      <description>United States ASCII code set (ISO 646 US)</description>
    </entry>
    <!-- - - - - - - - - - - - - - - - - - - - - - - - - -->
    <entry>
      <code>ebcdic</code>
      <label>Ebcdic</label>
      <description>IBM mainframe code set</description>
    </entry>
    <!-- - - - - - - - - - - - - - - - - - - - - - - - - -->
    <entry>
      <code>eucKR</code>
      <label>EucKR</label>
      <description>Korean code set</description>
    </entry>
    <!-- - - - - - - - - - - - - - - - - - - - - - - - - -->
    <entry>
      <code>big5</code>
      <label>Big5</label>
      <description>Traditional Chinese code set used in Taiwan, Hong Kong of China and other
        areas
      </description>
    </entry>
    <!-- - - - - - - - - - - - - - - - - - - - - - - - - -->
    <entry>
      <code>GB2312</code>
      <label>GB2312</label>
      <description>Simplified Chinese code set</description>
    </entry>
    <!-- - - - - - - - - - - - - - - - - - - - - - - - - -->
  </codelist>
  <!-- ==================================================== -->
  <codelist name="gmd:MD_ClassificationCode">
    <entry>
      <code>unclassified</code>
      <label>Non classifié</label>
      <description>La ressource ne revêt pas un caractère sensible</description>
    </entry>
    <!-- - - - - - - - - - - - - - - - - - - - - - - - - -->
    <entry>
      <code>restricted</code>
      <label>Restreint</label>
      <description>Le caractère sensible de la ressource restreint son utilisation ou sa diffusion
      </description>
    </entry>
    <!-- - - - - - - - - - - - - - - - - - - - - - - - - -->
    <entry>
      <code>confidential</code>
      <label>Confidentiel</label>
      <description>La ressource présente un caractère confidentiel.</description>
    </entry>
    <!-- - - - - - - - - - - - - - - - - - - - - - - - - -->
    <entry>
      <code>secret</code>
      <label>Secret</label>
      <description>La confidentialité de la ressource implique des mesures de protection
        particulière
      </description>
    </entry>
    <!-- - - - - - - - - - - - - - - - - - - - - - - - - -->
    <entry>
      <code>topSecret</code>
      <label>Top secret</label>
      <description>La confidentialité de la ressource implique des mesures de protection extrêmes
      </description>
    </entry>
    <!-- - - - - - - - - - - - - - - - - - - - - - - - - -->
  </codelist>
  <!-- ==================================================== -->
  <codelist name="gmd:MD_CoverageContentTypeCode">
    <entry>
      <code>image</code>
      <label>Image</label>
      <description>Représentation numérique d’un paramètre physique</description>
    </entry>
    <!-- - - - - - - - - - - - - - - - - - - - - - - - - -->
    <entry>
      <code>thematicClassification</code>
      <label>Classification thématique</label>
      <description>Codification selon une classification</description>
    </entry>
    <!-- - - - - - - - - - - - - - - - - - - - - - - - - -->
    <entry>
      <code>physicalMeasurement</code>
      <label>Mesure physique</label>
      <description>Valeur physique mesurée</description>
    </entry>
    <!-- - - - - - - - - - - - - - - - - - - - - - - - - -->
  </codelist>
  <!-- ==================================================== -->
  <codelist name="gmd:MD_DatatypeCode">
    <entry>
      <code>class</code>
      <label>Classe</label>
      <description>Description d’un ensemble d’objet qui ont les mêmes attributs, méthodes …
      </description>
    </entry>
    <!-- - - - - - - - - - - - - - - - - - - - - - - - - -->
    <entry>
      <code>codelist</code>
      <label>Liste de codes</label>
      <description>Enumération modifiable, utilisée pour exprimée une liste de valeurs extensible
      </description>
    </entry>
    <!-- - - - - - - - - - - - - - - - - - - - - - - - - -->
    <entry>
      <code>enumeration</code>
      <label>Enumération</label>
      <description>Enumération, utilisée pour exprimée une liste de valeurs non extensible
      </description>
    </entry>
    <!-- - - - - - - - - - - - - - - - - - - - - - - - - -->
    <entry>
      <code>codelistElement</code>
      <label>Elément d'une liste de codes</label>
      <description>Valeur possible pour une liste de codes</description>
    </entry>
    <!-- - - - - - - - - - - - - - - - - - - - - - - - - -->
    <entry>
      <code>abstractClass</code>
      <label>Classe abstraite</label>
      <description>Classe qui ne peut être directement instancée</description>
    </entry>
    <!-- - - - - - - - - - - - - - - - - - - - - - - - - -->
    <entry>
      <code>aggregateClass</code>
      <label>Classe agrégée</label>
      <description>Classe qui est composé d’un ensemble de classes connecté par une relation de type
        Agrégation.
      </description>
    </entry>
    <!-- - - - - - - - - - - - - - - - - - - - - - - - - -->
    <entry>
      <code>specifiedClass</code>
      <label>Classe spécifique</label>
      <description>Classe qui peut être substituée à une classe de niveau supérieur</description>
    </entry>
    <!-- - - - - - - - - - - - - - - - - - - - - - - - - -->
    <entry>
      <code>datatypeClass</code>
      <label>Classe de type de donnée</label>
      <description>Classe avec peu ou aucune opération dont le rôle est de gérer l’état d’une autre
        classe pour les informations relevant de la transmission, le stockage, l’encodage ou la
        persistance.
      </description>
    </entry>
    <!-- - - - - - - - - - - - - - - - - - - - - - - - - -->
    <entry>
      <code>interfaceClass</code>
      <label>Classe d'interface</label>
      <description>Noms des opérations qui caractérisent le comportement d’une ressource
      </description>
    </entry>
    <!-- - - - - - - - - - - - - - - - - - - - - - - - - -->
    <entry>
      <code>unionClass</code>
      <label>Classe d'union</label>
      <description>Classe décrivant une sélection d’un type spécifique</description>
    </entry>
    <!-- - - - - - - - - - - - - - - - - - - - - - - - - -->
    <entry>
      <code>metaClass</code>
      <label>Méta-classe</label>
      <description>Classe dont les instances sont des classes</description>
    </entry>
    <!-- - - - - - - - - - - - - - - - - - - - - - - - - -->
    <entry>
      <code>typeClass</code>
      <label>Type de classe</label>
      <description>Classe utilisée pour spécifier un domaine d’instance (objet) en relation avec les
        opérations applicables à ces objets. Un type peut avoir des attributs et des associations
      </description>
    </entry>
    <!-- - - - - - - - - - - - - - - - - - - - - - - - - -->
    <entry>
      <code>characterString</code>
      <label>Chaîne de caractères</label>
      <description>Texte libre</description>
    </entry>
    <!-- - - - - - - - - - - - - - - - - - - - - - - - - -->
    <entry>
      <code>integer</code>
      <label>Entier</label>
      <description>Champ numérique</description>
    </entry>
    <!-- - - - - - - - - - - - - - - - - - - - - - - - - -->
    <entry>
      <code>association</code>
      <label>Association</label>
      <description>Relation entre deux classes</description>
    </entry>
    <!-- - - - - - - - - - - - - - - - - - - - - - - - - -->
  </codelist>
  <!-- ==================================================== -->
  <codelist name="gmd:MD_DimensionNameTypeCode">
    <entry>
      <code>row</code>
      <label>Axe - Y</label>
      <description>Axe des ordonnées (axe - Y)</description>
    </entry>
    <!-- - - - - - - - - - - - - - - - - - - - - - - - - -->
    <entry>
      <code>column</code>
      <label>Axe - X</label>
      <description>Axe des abscisses (axe X)</description>
    </entry>
    <!-- - - - - - - - - - - - - - - - - - - - - - - - - -->
    <entry>
      <code>vertical</code>
      <label>Axe - Z</label>
      <description>Axe vertical (axe Z)</description>
    </entry>
    <!-- - - - - - - - - - - - - - - - - - - - - - - - - -->
    <entry>
      <code>track</code>
      <label>Piste</label>
      <description>Dans la direction de la ...</description>
    </entry>
    <!-- - - - - - - - - - - - - - - - - - - - - - - - - -->
    <entry>
      <code>crossTrack</code>
      <label>Profil de piste</label>
      <description>Perpendiculaire ...</description>
    </entry>
    <!-- - - - - - - - - - - - - - - - - - - - - - - - - -->
    <entry>
      <code>line</code>
      <label>Ligne</label>
      <description>Ligne de scannage d'un capteur</description>
    </entry>
    <!-- - - - - - - - - - - - - - - - - - - - - - - - - -->
    <entry>
      <code>sample</code>
      <label>Echantillon</label>
      <description>Elément le long d'une ligne de scannage</description>
    </entry>
    <!-- - - - - - - - - - - - - - - - - - - - - - - - - -->
    <entry>
      <code>time</code>
      <label>Temps</label>
      <description>Durée</description>
    </entry>
    <!-- - - - - - - - - - - - - - - - - - - - - - - - - -->
  </codelist>
  <!-- ==================================================== -->
  <codelist name="gmd:MD_GeometricObjectTypeCode">
    <entry>
      <code>complex</code>
      <label>Complexe</label>
      <description>Ensemble de primitives géométriques représentées comme l'union d'autres
        primitives
      </description>
    </entry>
    <!-- - - - - - - - - - - - - - - - - - - - - - - - - -->
    <entry>
      <code>composite</code>
      <label>Composite</label>
      <description>Ensemble de lignes connectées entre elles</description>
    </entry>
    <!-- - - - - - - - - - - - - - - - - - - - - - - - - -->
    <entry>
      <code>curve</code>
      <label>Ligne</label>
      <description>Primitive géométrique à une dimension représentant une image continue d'une
        ligne
      </description>
    </entry>
    <!-- - - - - - - - - - - - - - - - - - - - - - - - - -->
    <entry>
      <code>point</code>
      <label>Point</label>
      <description>Primitive géométrique à zéro dimension représentant une position sans étendue
      </description>
    </entry>
    <!-- - - - - - - - - - - - - - - - - - - - - - - - - -->
    <entry>
      <code>solid</code>
      <label>Volume</label>
      <description>Primitive géométrique à trois dimensions représentant un volume (définition à
        revoir)
      </description>
    </entry>
    <!-- - - - - - - - - - - - - - - - - - - - - - - - - -->
    <entry>
      <code>surface</code>
      <label>Polygone</label>
      <description>Primitive géométrique à deux dimensions représentant une surface</description>
    </entry>
    <!-- - - - - - - - - - - - - - - - - - - - - - - - - -->
  </codelist>
  <!-- ==================================================== -->
  <codelist name="gmd:MD_ImagingConditionCode">
    <entry>
      <code>blurredImage</code>
      <label>Flou</label>
      <description>Portion de l’image floue</description>
    </entry>
    <!-- - - - - - - - - - - - - - - - - - - - - - - - - -->
    <entry>
      <code>cloud</code>
      <label>Nuage</label>
      <description>Portion de l’image partiellement occultée par des nuages</description>
    </entry>
    <!-- - - - - - - - - - - - - - - - - - - - - - - - - -->
    <entry>
      <code>degradingObliquity</code>
      <label>Dégradation oblique</label>
      <description>Due à l’angle entre le plan de l’écliptique et le plan équatorial</description>
    </entry>
    <!-- - - - - - - - - - - - - - - - - - - - - - - - - -->
    <entry>
      <code>fog</code>
      <label>Brouillard</label>
      <description>Portion de l’image partiellement occultée par du brouillard</description>
    </entry>
    <!-- - - - - - - - - - - - - - - - - - - - - - - - - -->
    <entry>
      <code>heavySmokeOrDust</code>
      <label>Fumée et poussière</label>
      <description>Portion de l’image partiellement occultée des fumées ou des poussières
      </description>
    </entry>
    <!-- - - - - - - - - - - - - - - - - - - - - - - - - -->
    <entry>
      <code>night</code>
      <label>Nuit</label>
      <description>Image prise la nuit</description>
    </entry>
    <!-- - - - - - - - - - - - - - - - - - - - - - - - - -->
    <entry>
      <code>rain</code>
      <label>Pluie</label>
      <description>Image prise durant la pluie</description>
    </entry>
    <!-- - - - - - - - - - - - - - - - - - - - - - - - - -->
    <entry>
      <code>semiDarkness</code>
      <label>Semi obscurité</label>
      <description>Image prise pendant une semi obscurité</description>
    </entry>
    <!-- - - - - - - - - - - - - - - - - - - - - - - - - -->
    <entry>
      <code>shadow</code>
      <label>Ombre</label>
      <description>Image obscurcie par une ombre</description>
    </entry>
    <!-- - - - - - - - - - - - - - - - - - - - - - - - - -->
    <entry>
      <code>snow</code>
      <label>Neige</label>
      <description>Image obscurcie par la neige</description>
    </entry>
    <!-- - - - - - - - - - - - - - - - - - - - - - - - - -->
    <entry>
      <code>terrainMasking</code>
      <label>Terrain masqué</label>
      <description>Absence de données en raison des caractéristiques topographiques qui masquent les
        informations recherchées
      </description>
    </entry>
    <!-- - - - - - - - - - - - - - - - - - - - - - - - - -->
  </codelist>
  <!-- ==================================================== -->
  <codelist name="gmd:MD_KeywordTypeCode">
    <entry>
      <code>discipline</code>
      <label>Discipline</label>
      <description>Mot-clé en relation avec une branche de la connaissance</description>
    </entry>
    <!-- - - - - - - - - - - - - - - - - - - - - - - - - -->
    <entry>
      <code>place</code>
      <label>Localisation</label>
      <description>Mot-clé identifiant un lieu</description>
    </entry>
    <!-- - - - - - - - - - - - - - - - - - - - - - - - - -->
    <entry>
      <code>stratum</code>
      <label>Strate</label>
      <description>Couche géologique</description>
    </entry>
    <!-- - - - - - - - - - - - - - - - - - - - - - - - - -->
    <entry>
      <code>temporal</code>
      <label>Temps</label>
      <description>Mot clef identifiant une période de temps</description>
    </entry>
    <!-- - - - - - - - - - - - - - - - - - - - - - - - - -->
    <entry>
      <code>theme</code>
      <label>Thème</label>
      <description>Mot-clé identifiant un sujet particulier</description>
    </entry>
    <!-- - - - - - - - - - - - - - - - - - - - - - - - - -->
  </codelist>
  <!-- ==================================================== -->
  <codelist name="gmd:MD_MaintenanceFrequencyCode" sort="fixed">
    <entry>
      <code>continual</code>
      <label>Continue</label>
      <description>Mise à jour continue</description>
    </entry>
    <!-- - - - - - - - - - - - - - - - - - - - - - - - - -->
    <entry>
      <code>daily</code>
      <label>Journalière</label>
      <description>Mise à jour quotidienne</description>
    </entry>
    <!-- - - - - - - - - - - - - - - - - - - - - - - - - -->
    <entry>
      <code>weekly</code>
      <label>Hebdomadaire</label>
      <description>Mise à jour hebdomadaire</description>
    </entry>
    <!-- - - - - - - - - - - - - - - - - - - - - - - - - -->
    <entry>
      <code>fortnightly</code>
      <label>Bi-mensuelle</label>
      <description>Mise à jour 2 fois par mois</description>
    </entry>
    <!-- - - - - - - - - - - - - - - - - - - - - - - - - -->
    <entry>
      <code>monthly</code>
      <label>Mensuelle</label>
      <description>Mise à jour mensuelle</description>
    </entry>
    <!-- - - - - - - - - - - - - - - - - - - - - - - - - -->
    <entry>
      <code>quarterly</code>
      <label>Trimestrielle</label>
      <description>Mise à jour trimestrielle</description>
    </entry>
    <!-- - - - - - - - - - - - - - - - - - - - - - - - - -->
    <entry>
      <code>biannually</code>
      <label>Bi-annuelle</label>
      <description>Mise à jour bi-annuelle</description>
    </entry>
    <!-- - - - - - - - - - - - - - - - - - - - - - - - - -->
    <entry>
      <code>annually</code>
      <label>Annuelle</label>
      <description>Mise à jour annuelle</description>
    </entry>
    <!-- - - - - - - - - - - - - - - - - - - - - - - - - -->
    <entry>
      <code>asNeeded</code>
      <label>Lorsque nécessaire</label>
      <description>Mise à jour lorsque cela est jugé nécessaire</description>
    </entry>
    <!-- - - - - - - - - - - - - - - - - - - - - - - - - -->
    <entry>
      <code>irregular</code>
      <label>Irrégulière</label>
      <description>Mise à jour irrégulière</description>
    </entry>
    <!-- - - - - - - - - - - - - - - - - - - - - - - - - -->
    <entry>
      <code>notPlanned</code>
      <label>Non planifiée</label>
      <description>Mise à jour non planifiée</description>
    </entry>
    <!-- - - - - - - - - - - - - - - - - - - - - - - - - -->
    <entry>
      <code>unknown</code>
      <label>Inconnue</label>
      <description>Mise à jour inconnue</description>
    </entry>
    <!-- ISO PROFIL CHE ONLY
        <entry>
            <code>userDefined</code>
            <label>Fréquence personnalisée</label>
            <description>Dans ce cas l'attribut définissant une fréquence personnalisée doit être utilisée</description>
        </entry>-->
  </codelist>
  <!-- ==================================================== -->
  <codelist name="gmd:MD_MediumFormatCode">
    <entry>
      <code>cpio</code>
      <label>Cpio</label>
      <description>Copie en entrée /sortie (commande et fichier au format UNIX)</description>
    </entry>
    <!-- - - - - - - - - - - - - - - - - - - - - - - - - -->
    <entry>
      <code>tar</code>
      <label>Tar</label>
      <description>Format d’archivage sur bande</description>
    </entry>
    <!-- - - - - - - - - - - - - - - - - - - - - - - - - -->
    <entry>
      <code>highSierra</code>
      <label>High Sierra</label>
      <description>Système de fichiers High Sierra</description>
    </entry>
    <!-- - - - - - - - - - - - - - - - - - - - - - - - - -->
    <entry>
      <code>iso9660</code>
      <label>Iso9660</label>
      <description>Système de fichier CD – ROM</description>
    </entry>
    <!-- - - - - - - - - - - - - - - - - - - - - - - - - -->
    <entry>
      <code>iso9660RockRidge</code>
      <label>Iso9660RockRidge</label>
      <description>Protocole d’échange Rock Ridge (UNIX)</description>
    </entry>
    <!-- - - - - - - - - - - - - - - - - - - - - - - - - -->
    <entry>
      <code>iso9660AppleHFS</code>
      <label>Iso9660AppleHFS</label>
      <description>Système hiérarchique de fichiers (Macintosh)</description>
    </entry>
    <!-- - - - - - - - - - - - - - - - - - - - - - - - - -->
  </codelist>
  <!-- ==================================================== -->
  <codelist name="gmd:MD_MediumNameCode">
    <entry>
      <code>cdRom</code>
      <label>CD-ROM</label>
      <description>Disque optique en lecture seule</description>
    </entry>
    <!-- - - - - - - - - - - - - - - - - - - - - - - - - -->
    <entry>
      <code>dvd</code>
      <label>DVD</label>
      <description>Disque numérique universel</description>
    </entry>
    <!-- - - - - - - - - - - - - - - - - - - - - - - - - -->
    <entry>
      <code>dvdRom</code>
      <label>DVD-ROM</label>
      <description>Disque numérique universel en lecture seule</description>
    </entry>
    <!-- - - - - - - - - - - - - - - - - - - - - - - - - -->
    <entry>
      <code>3halfInchFloppy</code>
      <label>Disquette 3.5 pouces</label>
      <description>Disquette magnétique de 3.5 pouces</description>
    </entry>
    <!-- - - - - - - - - - - - - - - - - - - - - - - - - -->
    <entry>
      <code>5quarterInchFloppy</code>
      <label>Disquette 5.25 pouces</label>
      <description>Disquette magnétique de 5.25 pouces</description>
    </entry>
    <!-- - - - - - - - - - - - - - - - - - - - - - - - - -->
    <entry>
      <code>7trackTape</code>
      <label>Bande magnétique 7 pistes</label>
      <description>Bande magnétique</description>
    </entry>
    <!-- - - - - - - - - - - - - - - - - - - - - - - - - -->
    <entry>
      <code>9trackTape</code>
      <label>Bande magnétique 9 pistes</label>
      <description>Bande magnétique</description>
    </entry>
    <!-- - - - - - - - - - - - - - - - - - - - - - - - - -->
    <entry>
      <code>3480Cartridge</code>
      <label>Cartouche 3480</label>
      <description>Cartouche à bande magnétique 3480</description>
    </entry>
    <!-- - - - - - - - - - - - - - - - - - - - - - - - - -->
    <entry>
      <code>3490Cartridge</code>
      <label>Cartouche 3490</label>
      <description>Cartouche à bande magnétique 3490</description>
    </entry>
    <!-- - - - - - - - - - - - - - - - - - - - - - - - - -->
    <entry>
      <code>3580Cartridge</code>
      <label>Cartouche 3580</label>
      <description>Cartouche à bande magnétique 3580</description>
    </entry>
    <!-- - - - - - - - - - - - - - - - - - - - - - - - - -->
    <entry>
      <code>4mmCartridgeTape</code>
      <label>Bande magnétique 4 mm</label>
      <description>Bande magnétique 4 mm</description>
    </entry>
    <!-- - - - - - - - - - - - - - - - - - - - - - - - - -->
    <entry>
      <code>8mmCartridgeTape</code>
      <label>Bande magnétique 8 mm</label>
      <description>Bande magnétique 8 mm</description>
    </entry>
    <!-- - - - - - - - - - - - - - - - - - - - - - - - - -->
    <entry>
      <code>1quarterInchCartridgeTape</code>
      <label>Bande magnétique 0.25 pouces</label>
      <description>Bande magnétique 0.25 pouces</description>
    </entry>
    <!-- - - - - - - - - - - - - - - - - - - - - - - - - -->
    <entry>
      <code>digitalLinearTape</code>
      <label>Bande magnétique 0.5 pouces</label>
      <description>Bande magnétique 0.5 pouces</description>
    </entry>
    <!-- - - - - - - - - - - - - - - - - - - - - - - - - -->
    <entry>
      <code>onLine</code>
      <label>En ligne</label>
      <description>En ligne</description>
    </entry>
    <!-- - - - - - - - - - - - - - - - - - - - - - - - - -->
    <entry>
      <code>satellite</code>
      <label>Satellite</label>
      <description>Communication par satellite</description>
    </entry>
    <!-- - - - - - - - - - - - - - - - - - - - - - - - - -->
    <entry>
      <code>telephoneLink</code>
      <label>Communication téléphonique</label>
      <description>Liens via un réseau téléphonique</description>
    </entry>
    <!-- - - - - - - - - - - - - - - - - - - - - - - - - -->
    <entry>
      <code>hardcopy</code>
      <label>Papier</label>
      <description>Document papier</description>
    </entry>
    <!-- ISO PROFIL CHE ONLY
            <entry>
            <code>zip100</code>
            <label>ZIP 100</label>
            <description></description>
        </entry>
        <entry>
            <code>zip250</code>
            <label>ZIP 250</label>
            <description></description>
        </entry>      <entry>
            <code>e-mail</code>
            <label>E-mail</label>
            <description></description>
        </entry>      <entry>
            <code>zip</code>
            <label>ZIP</label>
            <description></description>
        </entry>      <entry>
            <code>jaz</code>
            <label>JAZ</label>
            <description></description>
        </entry>      <entry>
            <code>other</code>
            <label>Autre</label>
            <description></description>
        </entry>-->
  </codelist>
  <!-- ==================================================== -->
  <codelist name="gmd:MD_ObligationCode">
    <entry>
      <code>mandatory</code>
      <label>Obligatoire</label>
      <description>Obligatoire</description>
    </entry>
    <!-- - - - - - - - - - - - - - - - - - - - - - - - - -->
    <entry>
      <code>optional</code>
      <label>Optionnel</label>
      <description>Optionnel</description>
    </entry>
    <!-- - - - - - - - - - - - - - - - - - - - - - - - - -->
    <entry>
      <code>conditional</code>
      <label>Conditionnel</label>
      <description>Conditionnel</description>
    </entry>
    <!-- - - - - - - - - - - - - - - - - - - - - - - - - -->
  </codelist>
  <!-- ==================================================== -->
  <codelist name="gmd:MD_PixelOrientationCode">
    <entry>
      <code>center</code>
      <label>Centre</label>
      <description>Centre</description>
    </entry>
    <!-- - - - - - - - - - - - - - - - - - - - - - - - - -->
    <entry>
      <code>lowerLeft</code>
      <label>Bas gauche</label>
      <description>Bas gauche</description>
    </entry>
    <!-- - - - - - - - - - - - - - - - - - - - - - - - - -->
    <entry>
      <code>lowerRight</code>
      <label>Bas droit</label>
      <description>Bas droit</description>
    </entry>
    <!-- - - - - - - - - - - - - - - - - - - - - - - - - -->
    <entry>
      <code>upperRight</code>
      <label>Haut droit</label>
      <description>Haut droit</description>
    </entry>
    <!-- - - - - - - - - - - - - - - - - - - - - - - - - -->
    <entry>
      <code>upperLeft</code>
      <label>Haut gauche</label>
      <description>Haut gauche</description>
    </entry>
    <!-- - - - - - - - - - - - - - - - - - - - - - - - - -->
  </codelist>
  <!-- ==================================================== -->
  <codelist name="gmd:MD_ProgressCode">
    <entry>
      <code>completed</code>
      <label>Finalisé</label>
      <description>Production de la ressource finalisée</description>
    </entry>
    <!-- - - - - - - - - - - - - - - - - - - - - - - - - -->
    <entry>
      <code>historicalArchive</code>
      <label>Archivé</label>
      <description>Ressource archivée hors ligne</description>
    </entry>
    <!-- - - - - - - - - - - - - - - - - - - - - - - - - -->
    <entry>
      <code>obsolete</code>
      <label>Obsolète</label>
      <description>Ressource obsolète</description>
    </entry>
    <!-- - - - - - - - - - - - - - - - - - - - - - - - - -->
    <entry>
      <code>onGoing</code>
      <label>Mise à jour continue</label>
      <description>Ressource continuellement mise à jour</description>
    </entry>
    <!-- - - - - - - - - - - - - - - - - - - - - - - - - -->
    <entry>
      <code>planned</code>
      <label>Planifié</label>
      <description>Ressource créée ou mise à jour sur base d'une date fixée</description>
    </entry>
    <!-- - - - - - - - - - - - - - - - - - - - - - - - - -->
    <entry>
      <code>required</code>
      <label>Création ou mise à jour requise</label>
      <description>Ressource qui doit être générée ou mise à jour</description>
    </entry>
    <!-- - - - - - - - - - - - - - - - - - - - - - - - - -->
    <entry>
      <code>underDevelopment</code>
      <label>En cours de création</label>
      <description>Ressource en cours de création</description>
    </entry>
    <!-- - - - - - - - - - - - - - - - - - - - - - - - - -->
    <entry hideInEditMode="true">
      <code>notobsolete</code>
      <label>Non obsolète</label>
      <description></description>
    </entry>
  </codelist>
  <!-- ==================================================== -->
  <codelist name="gmd:MD_RestrictionCode">
    <entry>
      <code>copyright</code>
      <label>Droit d’auteur / Droit moral (copyright)</label>
      <description>Restriction lié à l’exercice du droit moral</description>
    </entry>
    <!-- - - - - - - - - - - - - - - - - - - - - - - - - -->
    <entry>
      <code>patent</code>
      <label>Brevet</label>
      <description>Restriction induite par l’existence d’un brevet</description>
    </entry>
    <!-- - - - - - - - - - - - - - - - - - - - - - - - - -->
    <entry>
      <code>patentPending</code>
      <label>Brevet en instance</label>
      <description>Restriction induite par le dépôt d’un brevet en cours</description>
    </entry>
    <!-- - - - - - - - - - - - - - - - - - - - - - - - - -->
    <entry>
      <code>trademark</code>
      <label>Marque de commerce</label>
      <description>Restriction lié à l’existence d’un dépôt de marque</description>
    </entry>
    <!-- - - - - - - - - - - - - - - - - - - - - - - - - -->
    <entry>
      <code>license</code>
      <label>Licence</label>
      <description>Restriction induite par l’existence d’une licence</description>
    </entry>
    <!-- - - - - - - - - - - - - - - - - - - - - - - - - -->
    <entry>
      <code>intellectualPropertyRights</code>
      <label>Droit de propriété intellectuelle / Droit patrimonial</label>
      <description>Restriction lié à l’exercice du droit patrimonial</description>
    </entry>
    <!-- - - - - - - - - - - - - - - - - - - - - - - - - -->
    <entry>
      <code>restricted</code>
      <label>Restreint</label>
      <description>Cette valeur n’a pas d’application identifiée en France</description>
    </entry>
    <!-- - - - - - - - - - - - - - - - - - - - - - - - - -->
    <entry>
      <code>otherRestrictions</code>
      <label>Autres restrictions</label>
      <description>Restrictions non prévues</description>
    </entry>
    <!-- - - - - - - - - - - - - - - - - - - - - - - - - -->
  </codelist>
  <!-- ==================================================== -->
  <codelist name="gmd:MD_ScopeCode">
    <entry>
      <code>attribute</code>
      <label>Attribut</label>
      <description>Informations appliquées aux caractéristiques de l’attribut</description>
    </entry>
    <!-- - - - - - - - - - - - - - - - - - - - - - - - - -->
    <entry>
      <code>attributeType</code>
      <label>Type d'attribut</label>
      <description>Informations appliquées aux caractéristiques de l’entité</description>
    </entry>
    <!-- - - - - - - - - - - - - - - - - - - - - - - - - -->
    <entry>
      <code>collectionHardware</code>
      <label>Collection matérielle</label>
      <description>Informations appliquées aux caractéristiques d’une collection matérielle
      </description>
    </entry>
    <!-- - - - - - - - - - - - - - - - - - - - - - - - - -->
    <entry>
      <code>collectionSession</code>
      <label>Collection de session</label>
      <description>Informations appliquées aux caractéristiques d’une collection de session
      </description>
    </entry>
    <!-- - - - - - - - - - - - - - - - - - - - - - - - - -->
    <entry>
      <code>dataset</code>
      <label>Jeu de données</label>
      <description>Informations appliquées aux caractéristiques de jeu de données</description>
    </entry>
    <!-- - - - - - - - - - - - - - - - - - - - - - - - - -->
    <entry>
      <code>series</code>
      <label>Collection de données</label>
      <description>Informations appliquées aux caractéristiques de la collection de données
      </description>
    </entry>
    <!-- - - - - - - - - - - - - - - - - - - - - - - - - -->
    <entry>
      <code>nonGeographicDataset</code>
      <label>Jeux de données non géographiques</label>
      <description>Informations appliquées aux caractéristiques de jeux de données non
        géographiques
      </description>
    </entry>
    <!-- - - - - - - - - - - - - - - - - - - - - - - - - -->
    <entry>
      <code>dimensionGroup</code>
      <label>Dimension d'un groupe</label>
      <description>Informations appliquées à un groupe</description>
    </entry>
    <!-- - - - - - - - - - - - - - - - - - - - - - - - - -->
    <entry>
      <code>feature</code>
      <label>Entité</label>
      <description>Informations appliquées à une entité</description>
    </entry>
    <!-- - - - - - - - - - - - - - - - - - - - - - - - - -->
    <entry>
      <code>featureType</code>
      <label>Type d’entité</label>
      <description>Informations appliquées à un type d’entité</description>
    </entry>
    <!-- - - - - - - - - - - - - - - - - - - - - - - - - -->
    <entry>
      <code>propertyType</code>
      <label>Type de propriété</label>
      <description>Informations appliquées à un type de propriété</description>
    </entry>
    <!-- - - - - - - - - - - - - - - - - - - - - - - - - -->
    <entry>
      <code>fieldSession</code>
      <label>Champ de session</label>
      <description>Informations appliquées aux caractéristiques d’un champ de session</description>
    </entry>
    <!-- - - - - - - - - - - - - - - - - - - - - - - - - -->
    <entry>
      <code>software</code>
      <label>Logiciel</label>
      <description>Informations appliquées à programme ou à une routine</description>
    </entry>
    <!-- - - - - - - - - - - - - - - - - - - - - - - - - -->
    <entry>
      <code>service</code>
      <label>Service</label>
      <description>Informations appliquées à un service Internet</description>
    </entry>
    <!-- - - - - - - - - - - - - - - - - - - - - - - - - -->
    <entry>
      <code>model</code>
      <label>Modèle</label>
      <description>Informations appliquées à modèle décrivant les objets ou un ensemble d'objets
      </description>
    </entry>
    <!-- - - - - - - - - - - - - - - - - - - - - - - - - -->
    <entry>
      <code>tile</code>
      <label>Tuile</label>
      <description>Tuile</description>
    </entry>
    <!-- ISO PROFIL CHE ONLY
        <entry>
            <code>project</code>
            <label>Projet</label>
            <description>Le projet décrit le cadre organisationnel défini pour l'accomplissement d'une tâche: il intègre la description des tenants et des aboutissants du problème, les objectifs, les activités prévues, les étapes de réalisation, les délais, les ressources...</description>
        </entry>
        <entry>
            <code>stationSite</code>
            <label>Station</label>
            <description>Cet élément décrit les activités d'acquisition de données des stations de mesure ; il ne décrit pas les données mais la manière dont elles ont été saisies (paramètres de saisie, méthodes, instruments)</description>
        </entry>
        <entry>
            <code>publication</code>
            <label>Publication</label>
            <description>Ce sont des produits finis tels que les ouvrages, brochures, articles, rapports, matériel audiovisuel...</description>
        </entry>-->


    <!-- Used for facet translation only and not displayed in editor -->
    <entry>
      <code>map</code>
      <label>Carte</label>
      <description></description>
    </entry>
    <entry>
      <code>staticMap</code>
      <label>Carte statique</label>
      <description></description>
    </entry>
    <entry>
      <code>interactiveMap</code>
      <label>Carte interactive</label>
      <description></description>
    </entry>
    <entry hideInEditMode="true">
      <code>featureCatalog</code>
      <label>Catalogue d'attributs</label>
      <description></description>
    </entry>
  </codelist>
  <!--
      Example to customize scope code codelist for a service metadata record.
      <codelist name="gmd:MD_ScopeCode" displayIf="/ancestor::node()[name()='gmd:MD_Metadata']/gmd:identificationInfo/srv:SV_ServiceIdentification">
          <entry>
              <code>service</code>
              <label>Service</label>
              <description>Informations appliquées à un service Internet</description>
          </entry>
      </codelist>-->
  <!-- ==================================================== -->
  <codelist name="gmd:MD_SpatialRepresentationTypeCode">
    <entry>
      <code>vector</code>
      <label>Vecteur</label>
      <description>Donnée vecteur (point, ligne, polygone)</description>
    </entry>
    <!-- - - - - - - - - - - - - - - - - - - - - - - - - -->
    <entry>
      <code>grid</code>
      <label>Raster</label>
      <description>Donnée raster ou matricielle</description>
    </entry>
    <!-- - - - - - - - - - - - - - - - - - - - - - - - - -->
    <entry>
      <code>textTable</code>
      <label>Tabulaire</label>
      <description>Fichier texte ou table</description>
    </entry>
    <!-- - - - - - - - - - - - - - - - - - - - - - - - - -->
    <entry>
      <code>tin</code>
      <label>TIN</label>
      <description>Réseau de triangle irrégulier (Triangulated Irregular Network)</description>
    </entry>
    <!-- - - - - - - - - - - - - - - - - - - - - - - - - -->
    <entry>
      <code>stereoModel</code>
      <label>Modèle stéréoscopique</label>
      <description>Vue tridimensionnelle formée par l'intersection des rayons homologues d'une paire
        d'images se recouvrant
      </description>
    </entry>
    <!-- - - - - - - - - - - - - - - - - - - - - - - - - -->
    <entry>
      <code>video</code>
      <label>Vidéo</label>
      <description>Enregistrement vidéo</description>
    </entry>
    <!-- ISO PROFIL CHE ONLY
        <entry>
            <code>paperMap</code>
            <label>Carte papier</label>
            <description></description>
        </entry>-->
  </codelist>
  <!-- ==================================================== -->
  <codelist name="gmd:MD_TopicCategoryCode" alias="topicCategory">
    <entry>
      <code>farming</code>
      <label>Agriculture</label>
      <description>Elevage et/ou cultures. Exemples : agriculture, irrigation, aquaculture,
        plantations
      </description>
    </entry>
    <!-- - - - - - - - - - - - - - - - - - - - - - - - - -->
    <entry>
      <code>biota</code>
      <label>Biote</label>
      <description>Flore et faune dans un écosystème naturel. Exemples : habitat, écologie, faune
        sauvage, faune aquatique, sciences biologiques, zones humides, végétation, biodiversité
      </description>
    </entry>
    <!-- - - - - - - - - - - - - - - - - - - - - - - - - -->
    <entry>
      <code>boundaries</code>
      <label>Limites</label>
      <description>Exemples : limites de pays, de provinces, de départements, de communes
      </description>
    </entry>
    <!-- - - - - - - - - - - - - - - - - - - - - - - - - -->
    <entry>
      <code>climatologyMeteorologyAtmosphere</code>
      <label>Climatologie/Météorologie/Atmosphère</label>
      <description>Processus et phénomènes atmosphériques. Exemples : climat, météorologie,
        conditions atmosphériques, changements climatiques, couverture nuageuse
      </description>
    </entry>
    <!-- - - - - - - - - - - - - - - - - - - - - - - - - -->
    <entry>
      <code>economy</code>
      <label>Economie</label>
      <description>Activités économiques. Exemples : production, travail, revenu, commerce,
        industrie, tourisme et éco-tourisme, foresterie, pêche, chasse, exploration et exploitation
        des ressources minières, pétrole, gaz naturel
      </description>
    </entry>
    <!-- - - - - - - - - - - - - - - - - - - - - - - - - -->
    <entry>
      <code>elevation</code>
      <label>Altitude</label>
      <description>Hauteurs au dessous et dessus du niveau de la mer. Exemples : altitude,
        bathymétrie, MNT, pentes et calculs dérivés de l’altitude
      </description>
    </entry>
    <!-- - - - - - - - - - - - - - - - - - - - - - - - - -->
    <entry>
      <code>environment</code>
      <label>Environnement</label>
      <description>Ressources naturelles, protection, conservation des ressources naturelles.
        Exemples : pollution, traitement et stockage des déchets, suivi de l’environnement, gestion
        du risque, réserves naturelles, paysage
      </description>
    </entry>
    <!-- - - - - - - - - - - - - - - - - - - - - - - - - -->
    <entry>
      <code>geoscientificInformation</code>
      <label>Informations géoscientifiques</label>
      <description>Informations relatives aux sciences de la terre. Exemples : composants et
        processus géophysiques, géologie, minéralogie, tectonique, risque sismique
      </description>
    </entry>
    <!-- - - - - - - - - - - - - - - - - - - - - - - - - -->
    <entry>
      <code>health</code>
      <label>Santé</label>
      <description>Santé, services de santé, épidémiologie. Exemples : maladies et épidémie,
        facteurs affectant la santé, santé mentale et physique, services de santé
      </description>
    </entry>
    <!-- - - - - - - - - - - - - - - - - - - - - - - - - -->
    <entry>
      <code>imageryBaseMapsEarthCover</code>
      <label>Imagerie/Cartes de base/Occupation des terres</label>
      <description>Carte de référence. Exemples : occupation des terres, imagerie aérienne et
        satellitale, carte thématiques, carte topographiques
      </description>
    </entry>
    <!-- - - - - - - - - - - - - - - - - - - - - - - - - -->
    <entry>
      <code>intelligenceMilitary</code>
      <label>Renseignement/Secteur militaire</label>
      <description>Bases militaires et infrastructures</description>
    </entry>
    <!-- - - - - - - - - - - - - - - - - - - - - - - - - -->
    <entry>
      <code>inlandWaters</code>
      <label>Eaux intérieures</label>
      <description>Exemples : fleuves, rivières, glaciers, lacs salés, systèmes hydrographiques,
        barrages, débits, qualité de l’eau
      </description>
    </entry>
    <!-- - - - - - - - - - - - - - - - - - - - - - - - - -->
    <entry>
      <code>location</code>
      <label>Localisation</label>
      <description>Exemples : zones postales, adresses, points de contrôle, réseau géodésique
      </description>
    </entry>
    <!-- - - - - - - - - - - - - - - - - - - - - - - - - -->
    <entry>
      <code>oceans</code>
      <label>Océans</label>
      <description>Composants et caractéristiques du milieu maritime. Exemples : littoral, récifs,
        marée, etc.
      </description>
    </entry>
    <!-- - - - - - - - - - - - - - - - - - - - - - - - - -->
    <entry>
      <code>planningCadastre</code>
      <label>Planification/Cadastre</label>
      <description>Exemples : carte d’utilisation des terres, plan d’occupation des sols,
        planification pour la prévention des risques
      </description>
    </entry>
    <!-- - - - - - - - - - - - - - - - - - - - - - - - - -->
    <entry>
      <code>society</code>
      <label>Société</label>
      <description>Caractéristiques des sociétés et des cultures. Exemples :lois, anthropologie,
        éducation, données démographiques, archéologique, suivi des systèmes sociaux, croyances, us
        et coutumes, crimes et justices
      </description>
    </entry>
    <!-- - - - - - - - - - - - - - - - - - - - - - - - - -->
    <entry>
      <code>structure</code>
      <label>Structure</label>
      <description>Aménagements urbains. Exemples : musée, église, usines, maisons, monuments,
        boutiques, immeubles
      </description>
    </entry>
    <!-- - - - - - - - - - - - - - - - - - - - - - - - - -->
    <entry>
      <code>transportation</code>
      <label>Transport</label>
      <description>Moyens de transports des personnes et des biens. Exemples : routes, aéroports,
        tunnels, viaducs, ponts, chemin de fer
      </description>
    </entry>
    <!-- - - - - - - - - - - - - - - - - - - - - - - - - -->
    <entry>
      <code>utilitiesCommunication</code>
      <label>Services d'utilité publique/Communication</label>
      <description>Systèmes de distribution de gestion ou de stockage de l’énergie, de l’eau, des
        déchets. Infrastructures et services de communication. Exemples : source d’énergie solaire,
        hydroélectrique, nucléaire, épuration et distribution des eaux, réseau de distribution
        électrique, de gaz, réseau de télécommunication, radio.
      </description>
    </entry>
    <!-- - - - - - - - - - - - - - - - - - - - - - - - - -->
  </codelist>
  <!-- ==================================================== -->
  <codelist name="gmd:MD_TopologyLevelCode">
    <entry>
      <code>geometryOnly</code>
      <label>Géométrie seulement</label>
      <description>Objets vecteurs sans aucune structure qui décrit la topologie</description>
    </entry>
    <!-- - - - - - - - - - - - - - - - - - - - - - - - - -->
    <entry>
      <code>topology1D</code>
      <label>Topologie de réseau</label>
      <description>Réseau sans surface (communément dénommée topologie réseau)</description>
    </entry>
    <!-- - - - - - - - - - - - - - - - - - - - - - - - - -->
    <entry>
      <code>planarGraph</code>
      <label>Graphe planaire</label>
      <description>Topologie 1D planaire</description>
    </entry>
    <!-- - - - - - - - - - - - - - - - - - - - - - - - - -->
    <entry>
      <code>fullPlanarGraph</code>
      <label>Topologie de réseau complète</label>
      <description>Topologie 2D planaire</description>
    </entry>
    <!-- - - - - - - - - - - - - - - - - - - - - - - - - -->
    <entry>
      <code>surfaceGraph</code>
      <label>Topologie de surface</label>
      <description>Topologie 1D avec surfaces</description>
    </entry>
    <!-- - - - - - - - - - - - - - - - - - - - - - - - - -->
    <entry>
      <code>fullSurfaceGraph</code>
      <label>Topologie de surface complète</label>
      <description>Topologie 2D avec surfaces</description>
    </entry>
    <!-- - - - - - - - - - - - - - - - - - - - - - - - - -->
    <entry>
      <code>topology3D</code>
      <label>Topologie 3D</label>
      <description>Topologie 3D</description>
    </entry>
    <!-- - - - - - - - - - - - - - - - - - - - - - - - - -->
    <entry>
      <code>fullTopology3D</code>
      <label>Topologie 3D complète</label>
      <description>Couverture complète d’un espace Euclidien 3D</description>
    </entry>
    <!-- - - - - - - - - - - - - - - - - - - - - - - - - -->
    <entry>
      <code>abstract</code>
      <label>Spaghetti</label>
      <description>Objets géométriques sans description de la topologie</description>
    </entry>
    <!-- - - - - - - - - - - - - - - - - - - - - - - - - -->
  </codelist>
  <!-- ==================================================== -->
  <codelist name="gmd:MX_ScopeCode">
    <entry>
      <code>attribute</code>
      <label>Attribut</label>
      <description>Informations appliquées aux caractéristiques de l’attribut</description>
    </entry>
    <!-- - - - - - - - - - - - - - - - - - - - - - - - - -->
    <entry>
      <code>attributeType</code>
      <label>Type d'attribut</label>
      <description>Informations appliquées aux caractéristiques de l’entité</description>
    </entry>
    <!-- - - - - - - - - - - - - - - - - - - - - - - - - -->
    <entry>
      <code>collectionHardware</code>
      <label>Collection matérielle</label>
      <description>Informations appliquées aux caractéristiques d’une collection matérielle
      </description>
    </entry>
    <!-- - - - - - - - - - - - - - - - - - - - - - - - - -->
    <entry>
      <code>collectionSession</code>
      <label>Collection de session</label>
      <description>Informations appliquées aux caractéristiques d’une collection de session
      </description>
    </entry>
    <!-- - - - - - - - - - - - - - - - - - - - - - - - - -->
    <entry>
      <code>dataset</code>
      <label>Jeu de données</label>
      <description>Informations appliquées aux caractéristiques de jeu de données</description>
    </entry>
    <!-- - - - - - - - - - - - - - - - - - - - - - - - - -->
    <entry>
      <code>series</code>
      <label>Collection de données</label>
      <description>Informations appliquées aux caractéristiques de la collection de données
      </description>
    </entry>
    <!-- - - - - - - - - - - - - - - - - - - - - - - - - -->
    <entry>
      <code>nonGeographicDataset</code>
      <label>Jeux de données non géographiques</label>
      <description>Informations appliquées aux caractéristiques de jeux de données non
        géographiques
      </description>
    </entry>
    <!-- - - - - - - - - - - - - - - - - - - - - - - - - -->
    <entry>
      <code>dimensionGroup</code>
      <label>Dimension d'un groupe</label>
      <description>Informations appliquées à un groupe</description>
    </entry>
    <!-- - - - - - - - - - - - - - - - - - - - - - - - - -->
    <entry>
      <code>feature</code>
      <label>Entité</label>
      <description>Informations appliquées à une entité</description>
    </entry>
    <!-- - - - - - - - - - - - - - - - - - - - - - - - - -->
    <entry>
      <code>featureType</code>
      <label>Type d’entité</label>
      <description>Informations appliquées à un type d’entité</description>
    </entry>
    <!-- - - - - - - - - - - - - - - - - - - - - - - - - -->
    <entry>
      <code>propertyType</code>
      <label>Type de propriété</label>
      <description>Informations appliquées à un type de propriété</description>
    </entry>
    <!-- - - - - - - - - - - - - - - - - - - - - - - - - -->
    <entry>
      <code>fieldSession</code>
      <label>Champ de session</label>
      <description>Informations appliquées aux caractéristiques d’un champ de session</description>
    </entry>
    <!-- - - - - - - - - - - - - - - - - - - - - - - - - -->
    <entry>
      <code>software</code>
      <label>Logiciel</label>
      <description>Informations appliquées à programme ou à une routine</description>
    </entry>
    <!-- - - - - - - - - - - - - - - - - - - - - - - - - -->
    <entry>
      <code>service</code>
      <label>Service</label>
      <description>Informations appliquées à un service Internet</description>
    </entry>
    <!-- - - - - - - - - - - - - - - - - - - - - - - - - -->
    <entry>
      <code>model</code>
      <label>Modèle</label>
      <description>Informations appliquées à modèle décrivant les objets ou un ensemble d'objets
      </description>
    </entry>
    <!-- - - - - - - - - - - - - - - - - - - - - - - - - -->
    <entry>
      <code>tile</code>
      <label>Tile</label>
      <description>Tile</description>
    </entry>
    <!-- - - - - - - - - - - - - - - - - - - - - - - - - -->
    <entry>
      <code>initiative</code>
      <label>Initiative</label>
      <description>The referencing entity applies to a transfer aggregate which was originally
        identified as an initiative (DS_Initiative)
      </description>
    </entry>
    <!-- - - - - - - - - - - - - - - - - - - - - - - - - -->
    <entry>
      <code>stereomate</code>
      <label>Stereomate</label>
      <description>The referencing entity applies to a transfer aggregate which was originally
        identified as a stereo mate (DS_StereoMate)
      </description>
    </entry>
    <!-- - - - - - - - - - - - - - - - - - - - - - - - - -->
    <entry>
      <code>sensor</code>
      <label>Sensor</label>
      <description>The referencing entity applies to a transfer aggregate which was originally
        identified as a sensor (DS_Sensor)
      </description>
    </entry>
    <!-- - - - - - - - - - - - - - - - - - - - - - - - - -->
    <entry>
      <code>platformSeries</code>
      <label>PlatformSeries</label>
      <description>The referencing entity applies to a transfer aggregate which was originally
        identified as a platform series (DS_PlatformSeries)
      </description>
    </entry>
    <!-- - - - - - - - - - - - - - - - - - - - - - - - - -->
    <entry>
      <code>sensorSeries</code>
      <label>SensorSeries</label>
      <description>The referencing entity applies to a transfer aggregate which was originally
        identified as a sensor series (DS_SensorSeries)
      </description>
    </entry>
    <!-- - - - - - - - - - - - - - - - - - - - - - - - - -->
    <entry>
      <code>productionSeries</code>
      <label>ProductionSeries</label>
      <description>The referencing entity applies to a transfer aggregate which was originally
        identified as a production series (DS_ProductionSeries)
      </description>
    </entry>
    <!-- - - - - - - - - - - - - - - - - - - - - - - - - -->
    <entry>
      <code>transferAggregate</code>
      <label>TransferAggregate</label>
      <description>The referencing entity applies to a transfer aggregate which has no existence
        outside of the transfer context
      </description>
    </entry>
    <!-- - - - - - - - - - - - - - - - - - - - - - - - - -->
    <entry>
      <code>otherAggregate</code>
      <label>OtherAggregate</label>
      <description>The referencing entity applies to a transfer aggregate which has an existence
        outside of the transfer context, but which does not pertains to a specific aggregate
        type.
      </description>
    </entry>
    <!-- - - - - - - - - - - - - - - - - - - - - - - - - -->
  </codelist>
  <!-- ==================================================== -->
  <codelist name="srv:DCPList">
    <entry>
      <description>DCP is XML</description>
      <code>XML</code>
      <label>XML</label>
    </entry>
    <entry>
      <description>DCP is CORBA</description>
      <code>CORBA</code>
      <label>CORBA</label>
    </entry>
    <entry>
      <description>DCP is JAVA</description>
      <code>JAVA</code>
      <label>JAVA</label>
    </entry>
    <entry>
      <description>DCP is COM</description>
      <code>COM</code>
      <label>COM</label>
    </entry>
    <entry>
      <description>DCP is SQL</description>
      <code>SQL</code>
      <label>SQL</label>
    </entry>
    <entry>
      <description>DCP is WebServices</description>
      <code>WebServices</code>
      <label>WebServices</label>
    </entry>
  </codelist>
  <!--=== CouplingType from ISO19119 ===-->
  <codelist name="srv:SV_CouplingType">
    <entry>
      <description>Présence d'une donnée associée</description>
      <code>tight</code>
      <label>Reserré</label>
    </entry>
    <entry>
      <description>Présence de plusieurs données associées</description>
      <code>mixed</code>
      <label>Mixte</label>
    </entry>
    <entry>
      <description>Absence de donnée associée</description>
      <code>loose</code>
      <label>Libre</label>
    </entry>
  </codelist>

  <codelist name="srv:SV_ParameterDirection">
    <entry>
      <code>in</code>
      <label>Entrée</label>
    </entry>
    <entry>
      <code>out</code>
      <label>Sortie</label>
    </entry>
    <entry>
      <code>in/out</code>
      <label>Entrée/Sortie</label>
    </entry>
  </codelist>

  <codelist name="gco:nilReason">
    <entry>
      <code>missing</code>
      <label>Manquant</label>
    </entry>
    <entry>
      <code>inapplicable</code>
      <label>Non appliquable</label>
    </entry>
    <entry>
      <code>template</code>
      <label>Modèle</label>
    </entry>
    <entry>
      <code>unknown</code>
      <label>Inconnu</label>
    </entry>
    <entry>
      <code>withheld</code>
      <label>Avec autorisation</label>
    </entry>
  </codelist>

  <codelist name="indeterminatePosition">
    <entry>
      <code>after</code>
      <label>Après</label>
    </entry>
    <entry>
      <code>before</code>
      <label>Avant</label>
    </entry>
    <entry>
      <code>now</code>
      <label>Maintenant</label>
    </entry>
    <entry>
      <code>unknown</code>
      <label>Inconnu</label>
    </entry>
  </codelist>
</codelists>
