<?xml version="1.0" encoding="UTF-8"?>
<!--
  ~ Copyright (C) 2001-2016 Food and Agriculture Organization of the
  ~ United Nations (FAO-UN), United Nations World Food Programme (WFP)
  ~ and United Nations Environment Programme (UNEP)
  ~
  ~ This program is free software; you can redistribute it and/or modify
  ~ it under the terms of the GNU General Public License as published by
  ~ the Free Software Foundation; either version 2 of the License, or (at
  ~ your option) any later version.
  ~
  ~ This program is distributed in the hope that it will be useful, but
  ~ WITHOUT ANY WARRANTY; without even the implied warranty of
  ~ MERCHANTABILITY or FITNESS FOR A PARTICULAR PURPOSE. See the GNU
  ~ General Public License for more details.
  ~
  ~ You should have received a copy of the GNU General Public License
  ~ along with this program; if not, write to the Free Software
  ~ Foundation, Inc., 51 Franklin St, Fifth Floor, Boston, MA 02110-1301, USA
  ~
  ~ Contact: Jeroen Ticheler - FAO - Viale delle Terme di Caracalla 2,
  ~ Rome - Italy. email: geonetwork@osgeo.org
  -->

<strings>
  <schematron.title>Règles INSPIRE strictes</schematron.title>
  <report.M44.spec>
    <div>Specification:</div>
  </report.M44.spec>
  <assert.M44.date>
    <div>Conformance report requires date.</div>
  </assert.M44.date>
  <assert.M44.title>
    <div>Conformance report requires a title in the metadata language</div>
  </assert.M44.title>
  <assert.M44.conformityActual>
    <div>Invalid Conformity Title:
      <br></br>
    </div>
  </assert.M44.conformityActual>
  <assert.M44.conformityExpected>
    <div><br></br>Expected Conformity Title:
      <br></br>
    </div>
  </assert.M44.conformityExpected>
  <report.M44.degree>
    <div>Degree of conformity found:</div>
  </report.M44.degree>

</strings>
