<?xml version="1.0" encoding="UTF-8"?>
<!--
  ~ Copyright (C) 2001-2016 Food and Agriculture Organization of the
  ~ United Nations (FAO-UN), United Nations World Food Programme (WFP)
  ~ and United Nations Environment Programme (UNEP)
  ~
  ~ This program is free software; you can redistribute it and/or modify
  ~ it under the terms of the GNU General Public License as published by
  ~ the Free Software Foundation; either version 2 of the License, or (at
  ~ your option) any later version.
  ~
  ~ This program is distributed in the hope that it will be useful, but
  ~ WITHOUT ANY WARRANTY; without even the implied warranty of
  ~ MERCHANTABILITY or FITNESS FOR A PARTICULAR PURPOSE. See the GNU
  ~ General Public License for more details.
  ~
  ~ You should have received a copy of the GNU General Public License
  ~ along with this program; if not, write to the Free Software
  ~ Foundation, Inc., 51 Franklin St, Fifth Floor, Boston, MA 02110-1301, USA
  ~
  ~ Contact: Jeroen Ticheler - FAO - Viale delle Terme di Caracalla 2,
  ~ Rome - Italy. email: geonetwork@osgeo.org
  -->

<strings>
  <understandResource>Information about the dataset</understandResource>
  <relatedResources>Related services and linked data</relatedResources>
  <techInfo>Technical information</techInfo>
  <contactInfo>Contact information</contactInfo>
  <mdContactInfo>Metadata contact</mdContactInfo>
  <refDate>Reference date</refDate>
  <temporalRef>Temporal information</temporalRef>
  <constraintInfo>Access constraint information</constraintInfo>
  <xml_iso19139>Save this metadata as an ISO19139 XML file</xml_iso19139>
  <xml_iso19139Tooai_dc>Save this metadata as an OAI Dublin Core XML file</xml_iso19139Tooai_dc>

  <!-- New strings added for the AngularJS editor -->
  <!-- View and tabs -->
  <advanced>Full</advanced>
  <default>Simple</default>
  <simple>Simple</simple>
  <inspire>INSPIRE</inspire>
  <inspire_sds>SDS</inspire_sds>

  <keywordFrom>Keywords - </keywordFrom>
  <resource>Resource</resource>
  <xml>XML</xml>
  <metadata>Metadata</metadata>
  <identificationInfo>Identification</identificationInfo>
  <distributionInfo>Distribution</distributionInfo>
  <dataQualityInfo>Quality</dataQualityInfo>
  <spatialRepresentationInfo>Spatial rep.</spatialRepresentationInfo>
  <referenceSystemInfo>Ref. system</referenceSystemInfo>
  <contentInfo>Content</contentInfo>
  <portrayalCatalogueInfo>Portrayal</portrayalCatalogueInfo>
  <metadataConstraints>Md. constraints</metadataConstraints>
  <metadataMaintenance>Md. maintenance</metadataMaintenance>
  <applicationSchemaInfo>Schema info</applicationSchemaInfo>
  <noThesaurusName>Keywords</noThesaurusName>
  <bboxesSection>Geographic coverage</bboxesSection>
  <overviews>Overviews</overviews>
  <metadataInXML>XML</metadataInXML>
  <providedBy>Provided by</providedBy>
  <shareOnSocialSite>Share on social sites</shareOnSocialSite>
  <viewMode>Views</viewMode>
  <linkToPortal>Access to the portal</linkToPortal>
  <linkToPortal-help>Read here the full details and access to the data.</linkToPortal-help>
  <citationProposal>Citation proposal</citationProposal>
  <citationProposal-help>This proposal was automatically generated, check if the metadata authors did not specified custom citation requirements.</citationProposal-help>
  <associatedResources>Associated resources</associatedResources>

  <!-- XSD error translation -->
  <invalidElement>Invalid element. Invalid content was found starting with element:</invalidElement>
  <onElementOf>One of the following elements</onElementOf>
  <isExpected>is expected.</isExpected>
  <isNotComplete>is not complete.</isNotComplete>
  <elementLocated>Parent element is</elementLocated>
  <missingElement>Missing element. The content of element:</missingElement>
  <invalidValue>Invalid or missing value.</invalidValue>
  <notValidFor>is not a valid value for</notValidFor>
  <xsdErrorIs>XSD error is:</xsdErrorIs>
  <inElement>in element</inElement>
  <enum1>Value</enum1>
  <enum2>is not valid for the field</enum2>
  <enum3>List of values is :</enum3>

  <trueValue>Yes</trueValue>
  <falseValue>No</falseValue>
  <nilValue>Undefined</nilValue>
</strings>
