<?xml version="1.0" encoding="UTF-8"?>
<!--
  ~ Copyright (C) 2001-2016 Food and Agriculture Organization of the
  ~ United Nations (FAO-UN), United Nations World Food Programme (WFP)
  ~ and United Nations Environment Programme (UNEP)
  ~
  ~ This program is free software; you can redistribute it and/or modify
  ~ it under the terms of the GNU General Public License as published by
  ~ the Free Software Foundation; either version 2 of the License, or (at
  ~ your option) any later version.
  ~
  ~ This program is distributed in the hope that it will be useful, but
  ~ WITHOUT ANY WARRANTY; without even the implied warranty of
  ~ MERCHANTABILITY or FITNESS FOR A PARTICULAR PURPOSE. See the GNU
  ~ General Public License for more details.
  ~
  ~ You should have received a copy of the GNU General Public License
  ~ along with this program; if not, write to the Free Software
  ~ Foundation, Inc., 51 Franklin St, Fifth Floor, Boston, MA 02110-1301, USA
  ~
  ~ Contact: Jeroen Ticheler - FAO - Viale delle Terme di Caracalla 2,
  ~ Rome - Italy. email: geonetwork@osgeo.org
  -->

<strings>
  <schematron.title>Règles INSPIRE</schematron.title>
  <!-- INSPIRE metadata rules translation / START -->
  <identification>Identification de la ressource</identification>
  <dataIdentification>Identification des données</dataIdentification>
  <serviceIdentification>Identification des services</serviceIdentification>
  <theme>Mots clés et thème INSPIRE</theme>
  <serviceTaxonomy>Catégorie de services</serviceTaxonomy>
  <geo>Situation géographique</geo>
  <temporal>Référence temporelle</temporal>
  <quality>Qualité et validité</quality>
  <conformity>Conformité</conformity>
  <constraints>Contrainte d'accès et d'utilisation</constraints>
  <org>Organisation responsable</org>
  <metadata>Métadonnées concernant les métadonnées</metadata>
  <inspirerule>Règles INSPIRE</inspirerule>


  <alert.M35>
    <div>L'intitulé de la ressource est manquant</div>
  </alert.M35>
  <report.M35>
    <div>L'intitulé de la ressource est :</div>
  </report.M35>
  <alert.M36>
    <div>Le résumé de la ressource est manquant</div>
  </alert.M36>
  <report.M36>
    <div>Le résumé de la ressource est :</div>
  </report.M36>
  <alert.M37>
    <div>Le type de la ressource est manquant ou sa valeur est incorrecte (valeurs autorisées :
      'Série de données', 'Ensemble de séries de données' ou 'Service')
    </div>
  </alert.M37>
  <report.M37>
    <div>Le type de la ressource est :</div>
  </report.M37>
  <alert.M38>
    <div>L'identificateur de ressource unique est manquant</div>
  </alert.M38>
  <report.M38>
    <div>L'identificateur de ressource unique est :</div>
  </report.M38>
  <report.M38.codespace>
    <div>L'espace de nom de l'identificateur de ressource unique est :</div>
  </report.M38.codespace>
  <alert.M39>
    <div>Une catégorie thématique est manquante</div>
  </alert.M39>
  <report.M39>
    <div>La catégorie thématique est :</div>
  </report.M39>
  <alert.M40>
    <div>Le thème INSPIRE est manquant (mot clé issu du thésaurus "GEMET INSPIRE themes")</div>
  </alert.M40>
  <report.M40>
    <div>Thème INSPIRE trouvé</div>
  </report.M40>
  <alert.M41>
    <div>Le rectangle de délimitation géographique est manquant</div>
  </alert.M41>
  <alert.M41.N>
    <div>Borne nord manquante ou valeur invalide</div>
  </alert.M41.N>
  <alert.M41.S>
    <div>Borne sud manquante ou valeur invalide</div>
  </alert.M41.S>
  <alert.M41.E>
    <div>Borne est manquante ou valeur invalide</div>
  </alert.M41.E>
  <alert.M41.W>
    <div>Borne ouest manquante ou valeur invalide</div>
  </alert.M41.W>
  <report.M41.N>
    <div>Borne nord :</div>
  </report.M41.N>
  <report.M41.S>
    <div>Borne sud :</div>
  </report.M41.S>
  <report.M41.E>
    <div>Borne est :</div>
  </report.M41.E>
  <report.M41.W>
    <div>Borne ouest :</div>
  </report.M41.W>

  <alert.M42>
    <div>Une référence temporelle est manquante</div>
  </alert.M42>
  <alert.M42.creation>
    <div>Il ne peut y avoir plus d'une date de création
      (i.e. CI_Date.dateType ayant la valeur creation)
    </div>
  </alert.M42.creation>
  <report.M42.begin>
    <div>Etendue temporelle (début) trouvée :</div>
  </report.M42.begin>
  <report.M42.end>
    <div>Etendue temporelle (fin) trouvée :</div>
  </report.M42.end>
  <report.M42.publication>
    <div>Date de publication de la ressource :</div>
  </report.M42.publication>
  <report.M42.creation>
    <div>Date de création de la ressource :</div>
  </report.M42.creation>
  <report.M42.revision>
    <div>Date de révision de la ressource :</div>
  </report.M42.revision>

  <alert.M43>
    <div>La généalogie de la ressource est manquante</div>
  </alert.M43>
  <report.M43>
    <div>La généalogie de la ressource est définie</div>
  </report.M43>

  <alert.M44>
    <div>La conformité est manquante</div>
  </alert.M44>
  <report.M44.nonev>
    <div>Le degré de conformité de la ressource n'a pas encore été évalué</div>
  </report.M44.nonev>
  <report.M44.degree>
    <div>Degré de conformité :</div>
  </report.M44.degree>
  <report.M44.spec>
    <div>Spécification :</div>
  </report.M44.spec>


  <alert.M45>
    <div>Une condition applicable à l'accès et à l'utilisation de la ressource est manquante</div>
  </alert.M45>
  <alert.M45.rc>
    <div>
      <h2>Une contrainte sur la ressource est requise (voir
        MD_Metadata.identificationInfo[1].MD_Identification.resourceConstraints)
      </h2>
    </div>
  </alert.M45.rc>
  <report.M45.ac>
    <div>Contrainte d'accès définie (accessConstraints) :</div>
  </report.M45.ac>
  <report.M45.class>
    <div>Contrainte de sécurité définie (classification) :</div>
  </report.M45.class>
  <alert.M45.ca>
    <div>Il doit y avoir au moins une valeur de contrainte d'accès</div>
  </alert.M45.ca>
  <report.M45.ca>
    <div>Il doit y avoir au moins une valeur de contrainte d'accès</div>
  </report.M45.ca>
  <alert.M45.or>
    <div>Les contraintes d'accès prennent la valeur 'autres restrictions' si
      et seulement si une valeur de restrictions d'accès public au sens INSPIRE est renseignée
    </div>
  </alert.M45.or>
  <report.M45.or>
    <div>Restrictions d'accès public au sens INSPIRE définie :</div>
  </report.M45.or>
  <alert.M45.us>
    <div>Une condition applicable à l'accès et à l'utilisation de la ressource est manquante</div>
  </alert.M45.us>
  <report.M45.us>
    <div>Condition applicable à l'accès et à l'utilisation de la ressource :</div>
  </report.M45.us>


  <alert.M46>
    <div>Une restriction d'accès public est manquante</div>
  </alert.M46>
  <alert.M47>
    <div>Une organisation responsable de la ressource est manquante</div>
  </alert.M47>
  <report.M47>
    <div>Organisation responsable de la ressource trouvée</div>
  </report.M47>
  <alert.M47.info>
    <div>Le nom de l'organisation et/ou l'email du contact sur la ressource sont manquants</div>
  </alert.M47.info>
  <report.M47.info>
    <div>Le nom et l'email de l'organisation responsable de la ressource sont définis pour :</div>
  </report.M47.info>


  <alert.M48>
    <div>Le point de contact des métadonnées est manquant</div>
  </alert.M48>
  <report.M48>
    <div>Point de contact des métadonnées trouvé</div>
  </report.M48>
  <alert.M48.role>
    <div>Le rôle de la partie responsable est vide</div>
  </alert.M48.role>
  <alert.M48.info>
    <div>Le nom de l'organisation et/ou l'email du contact des métadonnées sont manquants</div>
  </alert.M48.info>
  <report.M48.info>
    <div>Le nom et l'email du point de contact des métadonnées sont définis pour :</div>
  </report.M48.info>


  <alert.M49>
    <div>La langue des métadonnées est manquante</div>
  </alert.M49>
  <report.M49>
    <div>La langue des métadonnées est :</div>
  </report.M49>

  <alert.M50>
    <div>La date des métadonnées est manquante</div>
  </alert.M50>
  <report.M50>
    <div>La date des métadonnées est :</div>
  </report.M50>

  <alert.M51>
    <div>La ressource couplée est manquante</div>
  </alert.M51>
  <report.M51>
    <div>Les ressources couplées sont :</div>
  </report.M51>
  <alert.M52>
    <div>Le localisateur de la ressource est manquant</div>
  </alert.M52>
  <report.M52>
    <div>La localisateur de la ressource est:</div>
  </report.M52>
  <alert.M53>
    <div>Une seule contrainte d'accès et d'utilisation est autorisée</div>
  </alert.M53>
  <alert.M54>
    <div>Les contraintes d'accès prennent la valeur 'autres restrictions' si et seulement si une
      restriction d'accès public est renseignée
    </div>
  </alert.M54>
  <alert.M55>
    <div>La langue de la ressource est manquante ou a une valeur incorrecte</div>
  </alert.M55>
  <report.M55>
    <div>La langue de la ressource est :</div>
  </report.M55>
  <alert.M56>
    <div>La résolution spatiale est manquante.</div>
  </alert.M56>
  <report.M56>
    <div>La résolution spatiale est définie</div>
  </report.M56>

  <alert.M60>
    <div>Le type de service est manquant ou sa valeur est incorrecte (valeurs autorisées : 'view',
      'discovery', 'download', 'transformation', 'invoke', 'other')
    </div>
  </alert.M60>
  <report.M60>
    <div>Le type de service est :</div>
  </report.M60>
  <alert.M58>
    <div>Une catégorie de service est manquante (mot clé issu du thesaurus
      "inspire-service-taxonomy")
    </div>
  </alert.M58>
  <report.M58>
    <div>Une catégorie de service est définie</div>
  </report.M58>
  <!-- INSPIRE metadata rules translation / END -->
  <alert.M62>
    <div>[ISO19119 for Services] Le nom de l'opération est obligatoire</div>
  </alert.M62>
  <alert.M63>
    <div>[ISO19119 for Services] Le type de communication est obligatoire</div>
  </alert.M63>
  <alert.M64>
    <div>[ISO19119 for Services] Au moins une source en ligne est obligatoire</div>
  </alert.M64>

</strings>
