<?xml version="1.0" encoding="UTF-8"?>

<!--
  ~ Copyright (C) 2001-2016 Food and Agriculture Organization of the
  ~ United Nations (FAO-UN), United Nations World Food Programme (WFP)
  ~ and United Nations Environment Programme (UNEP)
  ~
  ~ This program is free software; you can redistribute it and/or modify
  ~ it under the terms of the GNU General Public License as published by
  ~ the Free Software Foundation; either version 2 of the License, or (at
  ~ your option) any later version.
  ~
  ~ This program is distributed in the hope that it will be useful, but
  ~ WITHOUT ANY WARRANTY; without even the implied warranty of
  ~ MERCHANTABILITY or FITNESS FOR A PARTICULAR PURPOSE. See the GNU
  ~ General Public License for more details.
  ~
  ~ You should have received a copy of the GNU General Public License
  ~ along with this program; if not, write to the Free Software
  ~ Foundation, Inc., 51 Franklin St, Fifth Floor, Boston, MA 02110-1301, USA
  ~
  ~ Contact: Jeroen Ticheler - FAO - Viale delle Terme di Caracalla 2,
  ~ Rome - Italy. email: geonetwork@osgeo.org
  -->

<codelists xmlns:gmd="http://www.isotc211.org/2005/gmd">
  <!-- ==================================================== -->
  <codelist name="gmd:CI_DateTypeCode">
    <entry>
      <code>creation</code>
      <label>creatie</label>
      <description>Datum waarop de dataset of dataset serie is gecre&#236;erd.</description>
    </entry>
    <!-- - - - - - - - - - - - - - - - - - - - - - - - - -->
    <entry>
      <code>publication</code>
      <label>publicatie</label>
      <description>Publicatie datum waarop de dataset of dataset serie is gepubliceerd.
      </description>
    </entry>
    <!-- - - - - - - - - - - - - - - - - - - - - - - - - -->
    <entry>
      <code>revision</code>
      <label>revisie</label>
      <description>Datum waarop de dataset of dataset serie is gecontroleerd, verbeterd of
        gewijzigd.
      </description>
    </entry>
    <!-- - - - - - - - - - - - - - - - - - - - - - - - - -->
  </codelist>
  <!-- ==================================================== -->
  <codelist name="gmd:CI_OnLineFunctionCode" alias="function">
    <entry>
      <code>download</code>
      <label>download</label>
      <description>online instructions for transferring data from one storage device or system to
        another
      </description>
    </entry>
    <!-- - - - - - - - - - - - - - - - - - - - - - - - - -->
    <entry>
      <code>information</code>
      <label>information</label>
      <description>online information about the resource</description>
    </entry>
    <!-- - - - - - - - - - - - - - - - - - - - - - - - - -->
    <entry>
      <code>offlineAccess</code>
      <label>offlineAccess</label>
      <description>online instructions for requesting the resource from the
        provider
      </description>
    </entry>
    <!-- - - - - - - - - - - - - - - - - - - - - - - - - -->
    <entry>
      <code>order</code>
      <label>order</label>
      <description>online order process for obtening the resource</description>
    </entry>
    <!-- - - - - - - - - - - - - - - - - - - - - - - - - -->
    <entry>
      <code>search</code>
      <label>search</label>
      <description>online search interface for seeking out information about the
        resource
      </description>
    </entry>
    <!-- - - - - - - - - - - - - - - - - - - - - - - - - -->
  </codelist>
  <!-- ==================================================== -->
  <codelist name="gmd:CI_PresentationFormCode">
    <entry>
      <code>documentDigital</code>
      <label>documentDigital</label>
      <description>digital representation of a primarily textual item (can contain illustrations
        also)
      </description>
    </entry>
    <!-- - - - - - - - - - - - - - - - - - - - - - - - - -->
    <entry>
      <code>imageDigital</code>
      <label>imageDigital</label>
      <description>likeness of natural or man-made features, objects, and activities acquired
        through the sensing of visual or any other segment of the electromagnetic spectrum by
        sensors, such as thermal infrared, and high resolution radar and stored in digital
        format
      </description>
    </entry>
    <!-- - - - - - - - - - - - - - - - - - - - - - - - - -->
    <entry>
      <code>documentHardcopy</code>
      <label>documentHardcopy</label>
      <description>representation of a primarily textual item (can contain illustrations also) on
        paper, photograhic material, or other media
      </description>
    </entry>
    <!-- - - - - - - - - - - - - - - - - - - - - - - - - -->
    <entry>
      <code>imageHardcopy</code>
      <label>imageHardcopy</label>
      <description>likeness of natural or man-made features, objects, and activities acquired
        through the sensing of visual or any other segment of the electromagnetic spectrum by
        sensors, such as thermal infrared, and high resolution radar and reproduced on paper,
        photographic material, or other media for use directly by the human user
      </description>
    </entry>
    <!-- - - - - - - - - - - - - - - - - - - - - - - - - -->
    <entry>
      <code>mapDigital</code>
      <label>mapDigital</label>
      <description>map represented in raster or vector form</description>
    </entry>
    <!-- - - - - - - - - - - - - - - - - - - - - - - - - -->
    <entry>
      <code>mapHardcopy</code>
      <label>mapHardcopy</label>
      <description>map printed on paper, photographic material, or other media for use directly
        by the human user
      </description>
    </entry>
    <!-- - - - - - - - - - - - - - - - - - - - - - - - - -->
    <entry>
      <code>modelDigital</code>
      <label>modelDigital</label>
      <description>multi-dimensional digital representation of a feature, process,
        etc.
      </description>
    </entry>
    <!-- - - - - - - - - - - - - - - - - - - - - - - - - -->
    <entry>
      <code>modelHardcopy</code>
      <label>modelHardcopy</label>
      <description>3-dimensional, physical model</description>
    </entry>
    <!-- - - - - - - - - - - - - - - - - - - - - - - - - -->
    <entry>
      <code>profileDigital</code>
      <label>profileDigital</label>
      <description>vertical cross-section in digital form</description>
    </entry>
    <!-- - - - - - - - - - - - - - - - - - - - - - - - - -->
    <entry>
      <code>profileHardcopy</code>
      <label>profileHardcopy</label>
      <description>vertical cross-section printed on paper, etc.</description>
    </entry>
    <!-- - - - - - - - - - - - - - - - - - - - - - - - - -->
    <entry>
      <code>tableDigital</code>
      <label>tableDigital</label>
      <description>digital representation of facts or figures systematically displayed,
        especially in columns
      </description>
    </entry>
    <!-- - - - - - - - - - - - - - - - - - - - - - - - - -->
    <entry>
      <code>tableHardcopy</code>
      <label>tableHardcopy</label>
      <description>representation of facts or figures systematically displayed, especially in
        columns, printed onpapers, photographic material, or other media
      </description>
    </entry>
    <!-- - - - - - - - - - - - - - - - - - - - - - - - - -->
    <entry>
      <code>videoDigital</code>
      <label>videoDigital</label>
      <description>digital video recording</description>
    </entry>
    <!-- - - - - - - - - - - - - - - - - - - - - - - - - -->
    <entry>
      <code>videoHardcopy</code>
      <label>videoHardcopy</label>
      <description>video recording on film</description>
    </entry>
    <!-- - - - - - - - - - - - - - - - - - - - - - - - - -->
  </codelist>
  <!-- ==================================================== -->
  <codelist name="gmd:CI_RoleCode" alias="roleCode">
    <entry>
      <code>resourceProvider</code>
      <label>verstrekker</label>
      <description>Organisatie die de data verstrekt.</description>
    </entry>
    <!-- - - - - - - - - - - - - - - - - - - - - - - - - -->
    <entry>
      <code>custodian</code>
      <label>beheerder</label>
      <description>Partij die verantwoordelijkheid heeft geaccepteerd en zorg draagt voor het beheer
        van de data.
      </description>
    </entry>
    <!-- - - - - - - - - - - - - - - - - - - - - - - - - -->
    <entry>
      <code>owner</code>
      <label>eigenaar</label>
      <description>Partij die eigenaar is van de data.</description>
    </entry>
    <!-- - - - - - - - - - - - - - - - - - - - - - - - - -->
    <entry>
      <code>user</code>
      <label>gebruiker</label>
      <description>Partij die de data gebruikt.</description>
    </entry>
    <!-- - - - - - - - - - - - - - - - - - - - - - - - - -->
    <entry>
      <code>distributor</code>
      <label>distributeur</label>
      <description>Partij die de data verstrekt.</description>
    </entry>
    <!-- - - - - - - - - - - - - - - - - - - - - - - - - -->
    <entry>
      <code>originator</code>
      <label>maker</label>
      <description>Partij die de data heeft gecre&#236;erd</description>
    </entry>
    <!-- - - - - - - - - - - - - - - - - - - - - - - - - -->
    <entry>
      <code>pointOfContact</code>
      <label>contactpunt</label>
      <description>Partij waarmee contact kan worden opgenomen voor het vergaren van kennis of
        verstrekking van de data.
      </description>
    </entry>
    <!-- - - - - - - - - - - - - - - - - - - - - - - - - -->
    <entry>
      <code>principalInvestigator</code>
      <label>inwinner</label>
      <description>Sleutelpartij verantwoordelijk voor verzamelen van data en de uitvoering van
        onderzoek.
      </description>
    </entry>
    <!-- - - - - - - - - - - - - - - - - - - - - - - - - -->
    <entry>
      <code>processor</code>
      <label>bewerker</label>
      <description>Partij die de data heeft bewerkt, zodanig dat de data is gewijzigd.</description>
    </entry>
    <!-- - - - - - - - - - - - - - - - - - - - - - - - - -->
    <entry>
      <code>publisher</code>
      <label>uitgever</label>
      <description>Partij die de data publiceert.</description>
    </entry>
    <!-- - - - - - - - - - - - - - - - - - - - - - - - - -->
    <entry>
      <code>author</code>
      <label>auteur</label>
      <description>Partij die auteur is van de data.</description>
    </entry>
    <!-- - - - - - - - - - - - - - - - - - - - - - - - - -->
  </codelist>
  <!-- ==================================================== -->
  <codelist name="gmd:DQ_EvaluationMethodTypeCode">
    <entry>
      <code>directInternal</code>
      <label>directInternal</label>
      <description>method of evaluating the quality of a dataset based on inspection of items
        within the dataset, where all data required is internal to the dataset being
        evaluated
      </description>
    </entry>
    <!-- - - - - - - - - - - - - - - - - - - - - - - - - -->
    <entry>
      <code>directExternal</code>
      <label>directExternal</label>
      <description>method of evaluating the quality of a dataset based on inspection of items
        within the dataset, where reference data external to the dataset being evaluated is
        required
      </description>
    </entry>
    <!-- - - - - - - - - - - - - - - - - - - - - - - - - -->
    <entry>
      <code>indirect</code>
      <label>indirect</label>
      <description>method of evaluating the quality of a dataset based on external
        knowledge
      </description>
    </entry>
    <!-- - - - - - - - - - - - - - - - - - - - - - - - - -->
  </codelist>
  <!-- ==================================================== -->
  <codelist name="gmd:DS_AssociationTypeCode" alias="associationType">
    <entry>
      <code>crossReference</code>
      <label>Kruis verwijzing</label>
      <description>Referentie van een dataset naar een andere</description>
    </entry>
    <!-- - - - - - - - - - - - - - - - - - - - - - - - - -->
    <entry>
      <code>largerWorkCitation</code>
      <label>Citatie uit een groter werk</label>
      <description></description>
    </entry>
    <!-- - - - - - - - - - - - - - - - - - - - - - - - - -->
    <entry>
      <code>partOfSeamlessDatabase</code>
      <label>Deel van een naadloze database</label>
      <description></description>
    </entry>
    <!-- - - - - - - - - - - - - - - - - - - - - - - - - -->
    <entry>
      <code>source</code>
      <label>Bron</label>
      <description></description>
    </entry>
    <!-- - - - - - - - - - - - - - - - - - - - - - - - - -->
    <entry>
      <code>stereoMate</code>
      <label>Stereo mate</label>
      <description>Deel van een set afbeeldingen die samen een 3D beeld vormen
      </description>
    </entry>
    <!-- - - - - - - - - - - - - - - - - - - - - - - - - -->
  </codelist>
  <!-- ==================================================== -->
  <codelist name="gmd:DS_InitiativeTypeCode" alias="initiativeType">
    <entry>
      <code>campaign</code>
      <label>Campagne</label>
      <description></description>
    </entry>
    <!-- - - - - - - - - - - - - - - - - - - - - - - - - -->
    <entry>
      <code>collection</code>
      <label>Collectie</label>
      <description>accumulation of datasets assembled for a specific purpose</description>
    </entry>
    <!-- - - - - - - - - - - - - - - - - - - - - - - - - -->
    <entry>
      <code>exercise</code>
      <label>Opdracht</label>
      <description></description>
    </entry>
    <!-- - - - - - - - - - - - - - - - - - - - - - - - - -->
    <entry>
      <code>experiment</code>
      <label>Experiment</label>
      <description></description>
    </entry>
    <!-- - - - - - - - - - - - - - - - - - - - - - - - - -->
    <entry>
      <code>investigation</code>
      <label>Onderzoek</label>
      <description></description>
    </entry>
    <!-- - - - - - - - - - - - - - - - - - - - - - - - - -->
    <entry>
      <code>mission</code>
      <label>Missie</label>
      <description></description>
    </entry>
    <!-- - - - - - - - - - - - - - - - - - - - - - - - - -->
    <entry>
      <code>sensor</code>
      <label>Sensor</label>
      <description></description>
    </entry>
    <!-- - - - - - - - - - - - - - - - - - - - - - - - - -->
    <entry>
      <code>operation</code>
      <label>Operatie</label>
      <description></description>
    </entry>
    <!-- - - - - - - - - - - - - - - - - - - - - - - - - -->
    <entry>
      <code>platform</code>
      <label>Platform</label>
      <description></description>
    </entry>
    <!-- - - - - - - - - - - - - - - - - - - - - - - - - -->
    <entry>
      <code>process</code>
      <label>Proces</label>
      <description></description>
    </entry>
    <!-- - - - - - - - - - - - - - - - - - - - - - - - - -->
    <entry>
      <code>program</code>
      <label>Programma</label>
      <description></description>
    </entry>
    <!-- - - - - - - - - - - - - - - - - - - - - - - - - -->
    <entry>
      <code>project</code>
      <label>Project</label>
      <description></description>
    </entry>
    <!-- - - - - - - - - - - - - - - - - - - - - - - - - -->
    <entry>
      <code>study</code>
      <label>Studie</label>
      <description></description>
    </entry>
    <!-- - - - - - - - - - - - - - - - - - - - - - - - - -->
    <entry>
      <code>task</code>
      <label>Taak</label>
      <description></description>
    </entry>
    <!-- - - - - - - - - - - - - - - - - - - - - - - - - -->
    <entry>
      <code>trial</code>
      <label>Experiment</label>
      <description></description>
    </entry>
    <!-- - - - - - - - - - - - - - - - - - - - - - - - - -->
  </codelist>
  <!-- ==================================================== -->
  <codelist name="gmd:MD_CellGeometryCode">
    <entry>
      <code>point</code>
      <label>point</label>
      <description>each cell represents a point</description>
    </entry>
    <!-- - - - - - - - - - - - - - - - - - - - - - - - - -->
    <entry>
      <code>area</code>
      <label>area</label>
      <description>each cell represents an area</description>
    </entry>
    <!-- - - - - - - - - - - - - - - - - - - - - - - - - -->
  </codelist>
  <!-- ==================================================== -->
  <codelist name="gmd:MD_CharacterSetCode">
    <entry>
      <code>ucs2</code>
      <label>ucs2</label>
      <description>16-bit fixed size Universal Character Set, based on ISO/IEC
        10646
      </description>
    </entry>
    <!-- - - - - - - - - - - - - - - - - - - - - - - - - -->
    <entry>
      <code>ucs4</code>
      <label>ucs4</label>
      <description>32-bit fixed size Universal Character Set, based on ISO/IEC
        10646
      </description>
    </entry>
    <!-- - - - - - - - - - - - - - - - - - - - - - - - - -->
    <entry>
      <code>utf7</code>
      <label>utf7</label>
      <description>7-bit variable size UCS Transfer Format, based on ISO/IEC 10646</description>
    </entry>
    <!-- - - - - - - - - - - - - - - - - - - - - - - - - -->
    <entry>
      <code>utf8</code>
      <label>utf8</label>
      <description>8-bit variable size UCS Transfer Format, based on ISO/IEC 10646</description>
    </entry>
    <!-- - - - - - - - - - - - - - - - - - - - - - - - - -->
    <entry>
      <code>utf16</code>
      <label>utf16</label>
      <description>16-bit variable size UCS Transfer Format, based on ISO/IEC 10646</description>
    </entry>
    <!-- - - - - - - - - - - - - - - - - - - - - - - - - -->
    <entry>
      <code>8859part1</code>
      <label>8859part1</label>
      <description>ISO/IEC 8859-1, Information technology - 8-bit single byte coded graphic
        character sets - Part 1 : Latin alphabet No.1
      </description>
    </entry>
    <!-- - - - - - - - - - - - - - - - - - - - - - - - - -->
    <entry>
      <code>8859part2</code>
      <label>8859part2</label>
      <description>ISO/IEC 8859-2, Information technology - 8-bit single byte coded graphic
        character sets - Part 2 : Latin alphabet No.2
      </description>
    </entry>
    <!-- - - - - - - - - - - - - - - - - - - - - - - - - -->
    <entry>
      <code>8859part3</code>
      <label>8859part3</label>
      <description>ISO/IEC 8859-3, Information technology - 8-bit single byte coded graphic
        character sets - Part 3 : Latin alphabet No.3
      </description>
    </entry>
    <!-- - - - - - - - - - - - - - - - - - - - - - - - - -->
    <entry>
      <code>8859part4</code>
      <label>8859part4</label>
      <description>ISO/IEC 8859-4, Information technology - 8-bit single byte coded graphic
        character sets - Part 4 : Latin alphabet No.4
      </description>
    </entry>
    <!-- - - - - - - - - - - - - - - - - - - - - - - - - -->
    <entry>
      <code>8859part5</code>
      <label>8859part5</label>
      <description>ISO/IEC 8859-5, Information technology - 8-bit single byte coded graphic
        character sets - Part 5 : Latin/Cyrillic alphabet
      </description>
    </entry>
    <!-- - - - - - - - - - - - - - - - - - - - - - - - - -->
    <entry>
      <code>8859part6</code>
      <label>8859part6</label>
      <description>ISO/IEC 8859-6, Information technology - 8-bit single byte coded graphic
        character sets - Part 6 : Latin/Arabic alphabet
      </description>
    </entry>
    <!-- - - - - - - - - - - - - - - - - - - - - - - - - -->
    <entry>
      <code>8859part7</code>
      <label>8859part7</label>
      <description>ISO/IEC 8859-7, Information technology - 8-bit single byte coded graphic
        character sets - Part 7 : Latin/Greek alphabet
      </description>
    </entry>
    <!-- - - - - - - - - - - - - - - - - - - - - - - - - -->
    <entry>
      <code>8859part8</code>
      <label>8859part8</label>
      <description>ISO/IEC 8859-8, Information technology - 8-bit single byte coded graphic
        character sets - Part 8 : Latin/Hebrew alphabet
      </description>
    </entry>
    <!-- - - - - - - - - - - - - - - - - - - - - - - - - -->
    <entry>
      <code>8859part9</code>
      <label>8859part9</label>
      <description>ISO/IEC 8859-9, Information technology - 8-bit single byte coded graphic
        character sets - Part 9 : Latin alphabet No.5
      </description>
    </entry>
    <!-- - - - - - - - - - - - - - - - - - - - - - - - - -->
    <entry>
      <code>8859part10</code>
      <label>8859part10</label>
      <description>ISO/IEC 8859-10, Information technology - 8-bit single byte coded graphic
        character sets - Part 10 : Latin alphabet No.6
      </description>
    </entry>
    <!-- - - - - - - - - - - - - - - - - - - - - - - - - -->
    <entry>
      <code>8859part11</code>
      <label>8859part11</label>
      <description>ISO/IEC 8859-11, Information technology - 8-bit single byte coded graphic
        character sets - Part 11 : Latin/Thai alphabet
      </description>
    </entry>

    <!-- - - - - - - - - - - - - - - - - - - - - - - - - -->
    <entry>
      <code>8859part13</code>
      <label>8859part13</label>
      <description>ISO/IEC 8859-13, Information technology - 8-bit single byte coded graphic
        character sets - Part 13 : Latin alphabet No.7
      </description>
    </entry>
    <!-- - - - - - - - - - - - - - - - - - - - - - - - - -->
    <entry>
      <code>8859part14</code>
      <label>8859part14</label>
      <description>ISO/IEC 8859-14, Information technology - 8-bit single byte coded graphic
        character sets - Part 14 : Latin alphabet No.8 (Celtic)
      </description>
    </entry>
    <!-- - - - - - - - - - - - - - - - - - - - - - - - - -->
    <entry>
      <code>8859part15</code>
      <label>8859part15</label>
      <description>ISO/IEC 8859-15, Information technology - 8-bit single byte coded graphic
        character sets - Part 15 : Latin alphabet No.9
      </description>
    </entry>
    <!-- - - - - - - - - - - - - - - - - - - - - - - - - -->
    <entry>
      <code>8859part16</code>
      <label>8859part16</label>
      <description>ISO/IEC 8859-16, Information technology - 8-bit single byte coded graphic
        character sets - Part 16 : Latin alphabet No.10
      </description>
    </entry>
    <!-- - - - - - - - - - - - - - - - - - - - - - - - - -->
    <entry>
      <code>jis</code>
      <label>jis</label>
      <description>japanese code set used for electronic transmission</description>
    </entry>
    <!-- - - - - - - - - - - - - - - - - - - - - - - - - -->
    <entry>
      <code>shiftJIS</code>
      <label>shiftJIS</label>
      <description>japanese code set used on MS-DOS machines</description>
    </entry>
    <!-- - - - - - - - - - - - - - - - - - - - - - - - - -->
    <entry>
      <code>eucJP</code>
      <label>eucJP</label>
      <description>japanese code set used on UNIX based machines</description>
    </entry>
    <!-- - - - - - - - - - - - - - - - - - - - - - - - - -->
    <entry>
      <code>usAscii</code>
      <label>usAscii</label>
      <description>United States ASCII code set (ISO 646 US)</description>
    </entry>
    <!-- - - - - - - - - - - - - - - - - - - - - - - - - -->
    <entry>
      <code>ebcdic</code>
      <label>ebcdic</label>
      <description>IBM mainframe code set</description>
    </entry>
    <!-- - - - - - - - - - - - - - - - - - - - - - - - - -->
    <entry>
      <code>eucKR</code>
      <label>eucKR</label>
      <description>Korean code set</description>
    </entry>
    <!-- - - - - - - - - - - - - - - - - - - - - - - - - -->
    <entry>
      <code>big5</code>
      <label>big5</label>
      <description>traditional Chinese code set used in Taiwan, Hong Kong of China and other
        areas
      </description>
    </entry>
    <!-- - - - - - - - - - - - - - - - - - - - - - - - - -->
    <entry>
      <code>GB2312</code>
      <label>GB2312</label>
      <description>simplified Chinese code set</description>
    </entry>
    <!-- - - - - - - - - - - - - - - - - - - - - - - - - -->
  </codelist>
  <!-- ==================================================== -->
  <codelist name="gmd:MD_ClassificationCode">
    <entry>
      <code>unclassified</code>
      <label>vrij toegankelijk</label>
      <description>Beschikbaar voor algemene ontsluiting.</description>
    </entry>
    <!-- - - - - - - - - - - - - - - - - - - - - - - - - -->
    <entry>
      <code>restricted</code>
      <label>niet toegankelijk</label>
      <description>Niet geschikt voor algemene ontsluiting.</description>
    </entry>
    <!-- - - - - - - - - - - - - - - - - - - - - - - - - -->
    <entry>
      <code>confidential</code>
      <label>vertrouwelijk</label>
      <description>Beschikbaar voor personen die vertrouwd kan omgaan met de informatie.
      </description>
    </entry>
    <!-- - - - - - - - - - - - - - - - - - - - - - - - - -->
    <entry>
      <code>secret</code>
      <label>geheim</label>
      <description>Dient geheim en verborgen te worden gehouden voor iedereen behalve een
        geselecteerde groep personen.
      </description>
    </entry>
    <!-- - - - - - - - - - - - - - - - - - - - - - - - - -->
    <entry>
      <code>topSecret</code>
      <label>zeer geheim</label>
      <description>Hoogste geheimhouding verplicht.</description>
    </entry>
    <!-- - - - - - - - - - - - - - - - - - - - - - - - - -->
  </codelist>
  <!-- ==================================================== -->
  <codelist name="gmd:MD_CoverageContentTypeCode">
    <entry>
      <code>image</code>
      <label>image</label>
      <description>meaningful numerical representation of a physical parameter that is not the
        actual value of the physical parameter
      </description>
    </entry>
    <!-- - - - - - - - - - - - - - - - - - - - - - - - - -->
    <entry>
      <code>thematicClassification</code>
      <label>thematicClassification</label>
      <description>code value with no quantitative meaning, used to represent a physical
        quantity
      </description>
    </entry>
    <!-- - - - - - - - - - - - - - - - - - - - - - - - - -->
    <entry>
      <code>physicalMeasurement</code>
      <label>physicalMeasurement</label>
      <description>value in physical units of the quantity being measured</description>
    </entry>
    <!-- - - - - - - - - - - - - - - - - - - - - - - - - -->
  </codelist>
  <!-- ==================================================== -->
  <codelist name="gmd:MD_DatatypeCode">
    <entry>
      <code>class</code>
      <label>class</label>
      <description>descriptor of a set of objects that share the same attributes, operations,
        methods, relationships, and behavior
      </description>
    </entry>
    <!-- - - - - - - - - - - - - - - - - - - - - - - - - -->
    <entry>
      <code>codelist</code>
      <label>codelist</label>
      <description>descriptor of a set of objects that share the same attributes, operations,
        methods, relationships, and behavior
      </description>
    </entry>
    <!-- - - - - - - - - - - - - - - - - - - - - - - - - -->
    <entry>
      <code>enumeration</code>
      <label>enumeration</label>
      <description>data type whose instances form a list of named literal values, not
        extendable
      </description>
    </entry>
    <!-- - - - - - - - - - - - - - - - - - - - - - - - - -->
    <entry>
      <code>codelistElement</code>
      <label>codelistElement</label>
      <description>permissible value for a codelist or enumeration</description>
    </entry>
    <!-- - - - - - - - - - - - - - - - - - - - - - - - - -->
    <entry>
      <code>abstractClass</code>
      <label>abstractClass</label>
      <description>class that cannot be directly instantiated</description>
    </entry>
    <!-- - - - - - - - - - - - - - - - - - - - - - - - - -->
    <entry>
      <code>aggregateClass</code>
      <label>aggregateClass</label>
      <description>class that is composed of classes it is connected to by an aggregate
        relationship
      </description>
    </entry>
    <!-- - - - - - - - - - - - - - - - - - - - - - - - - -->
    <entry>
      <code>specifiedClass</code>
      <label>specifiedClass</label>
      <description>subclass that may be substituted for its superclass</description>
    </entry>
    <!-- - - - - - - - - - - - - - - - - - - - - - - - - -->
    <entry>
      <code>datatypeClass</code>
      <label>datatypeClass</label>
      <description>class with few or no operations whose primary purpose is to hold the abstract
        state of another class for transmittal, storage, encoding or persistent
        storage
      </description>
    </entry>
    <!-- - - - - - - - - - - - - - - - - - - - - - - - - -->
    <entry>
      <code>interfaceClass</code>
      <label>interfaceClass</label>
      <description>named set of operations that characterize the behavior of an
        element
      </description>
    </entry>
    <!-- - - - - - - - - - - - - - - - - - - - - - - - - -->
    <entry>
      <code>unionClass</code>
      <label>unionClass</label>
      <description>class describing a selection of one of the specified types</description>
    </entry>
    <!-- - - - - - - - - - - - - - - - - - - - - - - - - -->
    <entry>
      <code>metaClass</code>
      <label>metaClass</label>
      <description>class whose instances are classes</description>
    </entry>
    <!-- - - - - - - - - - - - - - - - - - - - - - - - - -->
    <entry>
      <code>typeClass</code>
      <label>typeClass</label>
      <description>class used for specification of a domain of instances (objects), together with
        the operations applicable to the objects. A type may have attributes and
        associations
      </description>
    </entry>
    <!-- - - - - - - - - - - - - - - - - - - - - - - - - -->
    <entry>
      <code>characterString</code>
      <label>characterString</label>
      <description>free text field</description>
    </entry>
    <!-- - - - - - - - - - - - - - - - - - - - - - - - - -->
    <entry>
      <code>integer</code>
      <label>integer</label>
      <description>numerical field</description>
    </entry>
    <!-- - - - - - - - - - - - - - - - - - - - - - - - - -->
    <entry>
      <code>association</code>
      <label>association</label>
      <description>semantic relationship between two classes that involves connections among
        their instances
      </description>
    </entry>
    <!-- - - - - - - - - - - - - - - - - - - - - - - - - -->
  </codelist>
  <!-- ==================================================== -->
  <codelist name="gmd:MD_DimensionNameTypeCode">
    <entry>
      <code>row</code>
      <label>row</label>
      <description>ordinate (y) axis</description>
    </entry>
    <!-- - - - - - - - - - - - - - - - - - - - - - - - - -->
    <entry>
      <code>column</code>
      <label>column</label>
      <description>abscissa (x) axis</description>
    </entry>
    <!-- - - - - - - - - - - - - - - - - - - - - - - - - -->
    <entry>
      <code>vertical</code>
      <label>vertical</label>
      <description>vertical (z) axis</description>
    </entry>
    <!-- - - - - - - - - - - - - - - - - - - - - - - - - -->
    <entry>
      <code>track</code>
      <label>track</label>
      <description>along the direction of motion of the scan point</description>
    </entry>
    <!-- - - - - - - - - - - - - - - - - - - - - - - - - -->
    <entry>
      <code>crossTrack</code>
      <label>crossTrack</label>
      <description>perpendicular to the direction of motion of the scan point</description>
    </entry>
    <!-- - - - - - - - - - - - - - - - - - - - - - - - - -->
    <entry>
      <code>line</code>
      <label>line</label>
      <description>scan line of a sensor</description>
    </entry>
    <!-- - - - - - - - - - - - - - - - - - - - - - - - - -->
    <entry>
      <code>sample</code>
      <label>sample</label>
      <description>element along a scan line</description>
    </entry>
    <!-- - - - - - - - - - - - - - - - - - - - - - - - - -->
    <entry>
      <code>time</code>
      <label>time</label>
      <description>duration</description>
    </entry>
    <!-- - - - - - - - - - - - - - - - - - - - - - - - - -->
  </codelist>
  <!-- ==================================================== -->
  <codelist name="gmd:MD_GeometricObjectTypeCode">
    <entry>
      <code>complex</code>
      <label>complex</label>
      <description>set of geometric primitives such that their boundaries can be represented as a
        union of other primitives
      </description>
    </entry>
    <!-- - - - - - - - - - - - - - - - - - - - - - - - - -->
    <entry>
      <code>composite</code>
      <label>composite</label>
      <description>connected set of curves, solids or surfaces</description>
    </entry>
    <!-- - - - - - - - - - - - - - - - - - - - - - - - - -->
    <entry>
      <code>curve</code>
      <label>curve</label>
      <description>bounded, 1-dimensional geometric primitive, representing the continuous image
        of a line
      </description>
    </entry>
    <!-- - - - - - - - - - - - - - - - - - - - - - - - - -->
    <entry>
      <code>point</code>
      <label>point</label>
      <description>zero-dimensional geometric primitive, representing a position but not having
        an extent
      </description>
    </entry>
    <!-- - - - - - - - - - - - - - - - - - - - - - - - - -->
    <entry>
      <code>solid</code>
      <label>solid</label>
      <description>bounded, connected 3-dimensional geometric primitive, representing the
        continuous image of a region of space
      </description>
    </entry>
    <!-- - - - - - - - - - - - - - - - - - - - - - - - - -->
    <entry>
      <code>surface</code>
      <label>surface</label>
      <description>bounded, connected 2-dimensional geometric primitive, representing the
        continuous image of a region of a plane
      </description>
    </entry>
    <!-- - - - - - - - - - - - - - - - - - - - - - - - - -->
  </codelist>
  <!-- ==================================================== -->
  <codelist name="gmd:MD_ImagingConditionCode">
    <entry>
      <code>blurredImage</code>
      <label>blurredImage</label>
      <description>portion of the image is blurred</description>
    </entry>
    <!-- - - - - - - - - - - - - - - - - - - - - - - - - -->
    <entry>
      <code>cloud</code>
      <label>cloud</label>
      <description>portion of the image is partially obscured by cloud cover</description>
    </entry>
    <!-- - - - - - - - - - - - - - - - - - - - - - - - - -->
    <entry>
      <code>degradingObliquity</code>
      <label>degradingObliquity</label>
      <description>acute angle between the plane of the ecliptic (the plane of the Earth s orbit)
        and the plane of the celestial equator
      </description>
    </entry>
    <!-- - - - - - - - - - - - - - - - - - - - - - - - - -->
    <entry>
      <code>fog</code>
      <label>fog</label>
      <description>portion of the image is partially obscured by fog</description>
    </entry>
    <!-- - - - - - - - - - - - - - - - - - - - - - - - - -->
    <entry>
      <code>heavySmokeOrDust</code>
      <label>heavySmokeOrDust</label>
      <description>portion of the image is partially obscured by heavy smoke or
        dust
      </description>
    </entry>
    <!-- - - - - - - - - - - - - - - - - - - - - - - - - -->
    <entry>
      <code>night</code>
      <label>night</label>
      <description>image was taken at night</description>
    </entry>
    <!-- - - - - - - - - - - - - - - - - - - - - - - - - -->
    <entry>
      <code>rain</code>
      <label>rain</label>
      <description>image was taken during rainfall</description>
    </entry>
    <!-- - - - - - - - - - - - - - - - - - - - - - - - - -->
    <entry>
      <code>semiDarkness</code>
      <label>semiDarkness</label>
      <description>image was taken during semi-dark conditions -- twilight
        conditions
      </description>
    </entry>
    <!-- - - - - - - - - - - - - - - - - - - - - - - - - -->
    <entry>
      <code>shadow</code>
      <label>shadow</label>
      <description>portion of the image is obscured by shadow</description>
    </entry>
    <!-- - - - - - - - - - - - - - - - - - - - - - - - - -->
    <entry>
      <code>snow</code>
      <label>snow</label>
      <description>portion of the image is obscured by snow</description>
    </entry>
    <!-- - - - - - - - - - - - - - - - - - - - - - - - - -->
    <entry>
      <code>terrainMasking</code>
      <label>terrainMasking</label>
      <description>the absence of collection data of a given point or area caused by the relative
        location of topographic features which obstruct the collection path between the
        collector(s) and the subject(s) of interest
      </description>
    </entry>
    <!-- - - - - - - - - - - - - - - - - - - - - - - - - -->
  </codelist>
  <!-- ==================================================== -->
  <codelist name="gmd:MD_KeywordTypeCode">
    <entry>
      <code>discipline</code>
      <label>discipline</label>
      <description>keyword identifies a branch of instruction or specialized
        learning
      </description>
    </entry>
    <!-- - - - - - - - - - - - - - - - - - - - - - - - - -->
    <entry>
      <code>place</code>
      <label>place</label>
      <description>keyword identifies a location</description>
    </entry>
    <!-- - - - - - - - - - - - - - - - - - - - - - - - - -->
    <entry>
      <code>stratum</code>
      <label>stratum</label>
      <description>keyword identifies the layer(s) of any deposited substance</description>
    </entry>
    <!-- - - - - - - - - - - - - - - - - - - - - - - - - -->
    <entry>
      <code>temporal</code>
      <label>temporal</label>
      <description>keyword identifies a time period related to the dataset</description>
    </entry>
    <!-- - - - - - - - - - - - - - - - - - - - - - - - - -->
    <entry>
      <code>theme</code>
      <label>theme</label>
      <description>keyword identifies a particular subject or topic</description>
    </entry>
    <!-- - - - - - - - - - - - - - - - - - - - - - - - - -->
  </codelist>
  <!-- ==================================================== -->
  <codelist name="gmd:MD_MaintenanceFrequencyCode">
    <entry>
      <code>continual</code>
      <label>continu</label>
      <description>Data wordt herhaaldelijk en vaak geactualiseerd.</description>
    </entry>
    <!-- - - - - - - - - - - - - - - - - - - - - - - - - -->
    <entry>
      <code>daily</code>
      <label>dagelijks</label>
      <description>Data wordt elke dag geactualiseerd.</description>
    </entry>
    <!-- - - - - - - - - - - - - - - - - - - - - - - - - -->
    <entry>
      <code>weekly</code>
      <label>wekelijks</label>
      <description>Data wordt wekelijks geactualiseerd.</description>
    </entry>
    <!-- - - - - - - - - - - - - - - - - - - - - - - - - -->
    <entry>
      <code>fortnightly</code>
      <label>2-wekelijks</label>
      <description>Data wordt 2-wekelijks geactualiseerd.</description>
    </entry>
    <!-- - - - - - - - - - - - - - - - - - - - - - - - - -->
    <entry>
      <code>monthly</code>
      <label>maandelijks</label>
      <description>Data wordt maandelijks geactualiseerd.</description>
    </entry>
    <!-- - - - - - - - - - - - - - - - - - - - - - - - - -->
    <entry>
      <code>quarterly</code>
      <label>1 x per kwartaal</label>
      <description>Data wordt elke kwartaal geactualiseerd.</description>
    </entry>
    <!-- - - - - - - - - - - - - - - - - - - - - - - - - -->
    <entry>
      <code>biannually</code>
      <label>1 x per half jaar</label>
      <description>Data wordt half jaarlijks geactualiseerd.</description>
    </entry>
    <!-- - - - - - - - - - - - - - - - - - - - - - - - - -->
    <entry>
      <code>annually</code>
      <label>jaarlijks</label>
      <description>Data wordt jaarlijks geactualiseerd.</description>
    </entry>
    <!-- - - - - - - - - - - - - - - - - - - - - - - - - -->
    <entry>
      <code>2annually</code>
      <label>2-jaarlijks</label>
      <description>Data wordt &#233;&#233;n keer per 2 jaar geactualiseerd.</description>
    </entry>
    <!-- - - - - - - - - - - - - - - - - - - - - - - - - -->
    <entry>
      <code>3annually</code>
      <label>3-jaarlijks</label>
      <description>Data wordt &#233;&#233;n keer per 3 jaar geactualiseerd.</description>
    </entry>
    <!-- - - - - - - - - - - - - - - - - - - - - - - - - -->
    <entry>
      <code>4annually</code>
      <label>4-jaarlijks</label>
      <description>Data wordt &#233;&#233;n keer per 4 jaar geactualiseerd.</description>
    </entry>
    <!-- - - - - - - - - - - - - - - - - - - - - - - - - -->
    <entry>
      <code>5annually</code>
      <label>5-jaarlijks</label>
      <description>Data wordt &#233;&#233;n keer per 5 jaar geactualiseerd.</description>
    </entry>
    <!-- - - - - - - - - - - - - - - - - - - - - - - - - -->
    <entry>
      <code>6annually</code>
      <label>6-jaarlijks</label>
      <description>Data wordt &#233;&#233;n keer per 6 jaar geactualiseerd.</description>
    </entry>
    <!-- - - - - - - - - - - - - - - - - - - - - - - - - -->
    <entry>
      <code>7annually</code>
      <label>7-jaarlijks</label>
      <description>Data wordt &#233;&#233;n keer per 7 jaar geactualiseerd.</description>
    </entry>
    <!-- - - - - - - - - - - - - - - - - - - - - - - - - -->
    <entry>
      <code>8annually</code>
      <label>8-jaarlijks</label>
      <description>Data wordt &#233;&#233;n keer per 8 jaar geactualiseerd.</description>
    </entry>
    <!-- - - - - - - - - - - - - - - - - - - - - - - - - -->
    <entry>
      <code>9annually</code>
      <label>9-jaarlijks</label>
      <description>Data wordt &#233;&#233;n keer per 9 jaar geactualiseerd.</description>
    </entry>
    <!-- - - - - - - - - - - - - - - - - - - - - - - - - -->
    <entry>
      <code>10annually</code>
      <label>10-jaarlijks</label>
      <description>Data wordt &#233;&#233;n keer per 10 jaar geactualiseerd.</description>
    </entry>
    <!-- - - - - - - - - - - - - - - - - - - - - - - - - -->
    <entry>
      <code>moreThan10annually</code>
      <label>Meer dan 10-jaarlijks</label>
      <description>Data wordt &#233;&#233;n keer per meer dan 10jaar geactualiseerd.</description>
    </entry>
    <!-- - - - - - - - - - - - - - - - - - - - - - - - - -->
    <entry>
      <code>asNeeded</code>
      <label>indien nodig</label>
      <description>Data wordt geactualiseerd indien nodig.</description>
    </entry>
    <!-- - - - - - - - - - - - - - - - - - - - - - - - - -->
    <entry>
      <code>irregular</code>
      <label>onregelmatig</label>
      <description>Data wordt geactualiseerd in intervallen die niet even lang duren.</description>
    </entry>
    <!-- - - - - - - - - - - - - - - - - - - - - - - - - -->
    <entry>
      <code>notPlanned</code>
      <label>niet gepland</label>
      <description>Er zijn geen plannen om de data te actualiseren.</description>
    </entry>
    <!-- - - - - - - - - - - - - - - - - - - - - - - - - -->
    <entry>
      <code>unknown</code>
      <label>onbekend</label>
      <description>Herzieningsfrequentie is niet bekend.</description>
    </entry>
    <!-- - - - - - - - - - - - - - - - - - - - - - - - - -->
  </codelist>
  <!-- ==================================================== -->
  <codelist name="gmd:MD_MediumFormatCode">
    <entry>
      <code>cpio</code>
      <label>cpio</label>
      <description>CoPy In / Out (UNIX file format and command)</description>
    </entry>
    <!-- - - - - - - - - - - - - - - - - - - - - - - - - -->
    <entry>
      <code>tar</code>
      <label>tar</label>
      <description>Tape ARchive</description>
    </entry>
    <!-- - - - - - - - - - - - - - - - - - - - - - - - - -->
    <entry>
      <code>highSierra</code>
      <label>highSierra</label>
      <description>high sierra file system</description>
    </entry>
    <!-- - - - - - - - - - - - - - - - - - - - - - - - - -->
    <entry>
      <code>iso9660</code>
      <label>iso9660</label>
      <description>information processing volume and file structure of CD-ROM</description>
    </entry>
    <!-- - - - - - - - - - - - - - - - - - - - - - - - - -->
    <entry>
      <code>iso9660RockRidge</code>
      <label>iso9660RockRidge</label>
      <description>rock ridge interchange protocol (UNIX)</description>
    </entry>
    <!-- - - - - - - - - - - - - - - - - - - - - - - - - -->
    <entry>
      <code>iso9660AppleHFS</code>
      <label>iso9660AppleHFS</label>
      <description>hierarchical file system (Macintosh)</description>
    </entry>
    <!-- - - - - - - - - - - - - - - - - - - - - - - - - -->
  </codelist>
  <!-- ==================================================== -->
  <codelist name="gmd:MD_MediumNameCode">
    <entry>
      <code>cdRom</code>
      <label>cdRom</label>
      <description>read-only optical disk</description>
    </entry>
    <!-- - - - - - - - - - - - - - - - - - - - - - - - - -->
    <entry>
      <code>dvd</code>
      <label>dvd</label>
      <description>digital versatile disk</description>
    </entry>
    <!-- - - - - - - - - - - - - - - - - - - - - - - - - -->
    <entry>
      <code>dvdRom</code>
      <label>dvdRom</label>
      <description>digital versatile disk, read only</description>
    </entry>
    <!-- - - - - - - - - - - - - - - - - - - - - - - - - -->
    <entry>
      <code>3halfInchFloppy</code>
      <label>3halfInchFloppy</label>
      <description>3,5 inch magnetic disk</description>
    </entry>
    <!-- - - - - - - - - - - - - - - - - - - - - - - - - -->
    <entry>
      <code>5quarterInchFloppy</code>
      <label>5quarterInchFloppy</label>
      <description>5,25 inch magnetic disk</description>
    </entry>
    <!-- - - - - - - - - - - - - - - - - - - - - - - - - -->
    <entry>
      <code>7trackTape</code>
      <label>7trackTape</label>
      <description>7 track magnetic tape</description>
    </entry>
    <!-- - - - - - - - - - - - - - - - - - - - - - - - - -->
    <entry>
      <code>9trackType</code>
      <label>9trackType</label>
      <description>9 track magnetic tape</description>
    </entry>
    <!-- - - - - - - - - - - - - - - - - - - - - - - - - -->
    <entry>
      <code>3480Cartridge</code>
      <label>3480Cartridge</label>
      <description>3480 cartridge tape drive</description>
    </entry>
    <!-- - - - - - - - - - - - - - - - - - - - - - - - - -->
    <entry>
      <code>3490Cartridge</code>
      <label>3490Cartridge</label>
      <description>3490 cartridge tape drive</description>
    </entry>
    <!-- - - - - - - - - - - - - - - - - - - - - - - - - -->
    <entry>
      <code>3580Cartridge</code>
      <label>3580Cartridge</label>
      <description>3580 cartridge tape drive</description>
    </entry>
    <!-- - - - - - - - - - - - - - - - - - - - - - - - - -->
    <entry>
      <code>4mmCartridgeTape</code>
      <label>4mmCartridgeTape</label>
      <description>4 millimetre magnetic tape</description>
    </entry>
    <!-- - - - - - - - - - - - - - - - - - - - - - - - - -->
    <entry>
      <code>8mmCartridgeTape</code>
      <label>8mmCartridgeTape</label>
      <description>8 millimetre magnetic tape</description>
    </entry>
    <!-- - - - - - - - - - - - - - - - - - - - - - - - - -->
    <entry>
      <code>1quarterInchCartridgeTape</code>
      <label>1quarterInchCartridgeTape</label>
      <description>0,25 inch magnetic tape</description>
    </entry>
    <!-- - - - - - - - - - - - - - - - - - - - - - - - - -->
    <entry>
      <code>digitalLinearTap</code>
      <label>digitalLinearTap</label>
      <description>half inch cartridge streaming tape drive</description>
    </entry>
    <!-- - - - - - - - - - - - - - - - - - - - - - - - - -->
    <entry>
      <code>onLine</code>
      <label>onLine</label>
      <description>direct computer linkage</description>
    </entry>
    <!-- - - - - - - - - - - - - - - - - - - - - - - - - -->
    <entry>
      <code>satellite</code>
      <label>satellite</label>
      <description>linkage through a satellite communication system</description>
    </entry>
    <!-- - - - - - - - - - - - - - - - - - - - - - - - - -->
    <entry>
      <code>telephoneLink</code>
      <label>telephoneLink</label>
      <description>communication through a telephone network</description>
    </entry>
    <!-- - - - - - - - - - - - - - - - - - - - - - - - - -->
    <entry>
      <code>hardcopy</code>
      <label>hardcopy</label>
      <description>pamphlet or leaflet giving descriptive information</description>
    </entry>
    <!-- - - - - - - - - - - - - - - - - - - - - - - - - -->
  </codelist>
  <!-- ==================================================== -->
  <codelist name="gmd:MD_ObligationCode">
    <entry>
      <code>mandatory</code>
      <label>mandatory</label>
      <description>element is always required</description>
    </entry>
    <!-- - - - - - - - - - - - - - - - - - - - - - - - - -->
    <entry>
      <code>optional</code>
      <label>optional</label>
      <description>element is not required</description>
    </entry>
    <!-- - - - - - - - - - - - - - - - - - - - - - - - - -->
    <entry>
      <code>conditional</code>
      <label>conditional</label>
      <description>element is required when a specific condition is met</description>
    </entry>
    <!-- - - - - - - - - - - - - - - - - - - - - - - - - -->
  </codelist>
  <!-- ==================================================== -->
  <codelist name="gmd:MD_PixelOrientationCode">
    <entry>
      <code>center</code>
      <label>center</label>
      <description>point halfway between the lower left and the upper right of the
        pixel
      </description>
    </entry>
    <!-- - - - - - - - - - - - - - - - - - - - - - - - - -->
    <entry>
      <code>lowerLeft</code>
      <label>lowerLeft</label>
      <description>the corner in the pixel closest to the origin of the SRS; if two are at the
        same distance from the origin, the one with the smallest x-value
      </description>
    </entry>
    <!-- - - - - - - - - - - - - - - - - - - - - - - - - -->
    <entry>
      <code>lowerRight</code>
      <label>lowerRight</label>
      <description>next corner counterclockwise from the lower left</description>
    </entry>
    <!-- - - - - - - - - - - - - - - - - - - - - - - - - -->
    <entry>
      <code>upperRight</code>
      <label>upperRight</label>
      <description>next corner counterclockwise from the lower right</description>
    </entry>
    <!-- - - - - - - - - - - - - - - - - - - - - - - - - -->
    <entry>
      <code>upperLeft</code>
      <label>upperLeft</label>
      <description>next corner counterclockwise from the upper right</description>
    </entry>
    <!-- - - - - - - - - - - - - - - - - - - - - - - - - -->
  </codelist>
  <!-- ==================================================== -->
  <codelist name="gmd:MD_ProgressCode">
    <entry>
      <code>completed</code>
      <label>compleet</label>
      <description>Productie van de data is compleet / afgerond.</description>
    </entry>
    <!-- - - - - - - - - - - - - - - - - - - - - - - - - -->
    <entry>
      <code>historicalArchive</code>
      <label>historisch archief</label>
      <description>De data is opgeslagen in een offline opslagmedium.</description>
    </entry>
    <!-- - - - - - - - - - - - - - - - - - - - - - - - - -->
    <entry>
      <code>obsolete</code>
      <label>niet relevant</label>
      <description>Data is niet langer relevant.</description>
    </entry>
    <!-- - - - - - - - - - - - - - - - - - - - - - - - - -->
    <entry>
      <code>onGoing</code>
      <label>continu geactualiseerd</label>
      <description>Data wordt continu geactualiseerd.</description>
    </entry>
    <!-- - - - - - - - - - - - - - - - - - - - - - - - - -->
    <entry>
      <code>planned</code>
      <label>gepland</label>
      <description>Datum is al bekend wanneer de data gecre&#233;erd of geactualiseerd moet zijn.
      </description>
    </entry>
    <!-- - - - - - - - - - - - - - - - - - - - - - - - - -->
    <entry>
      <code>required</code>
      <label>actualisatie vereist</label>
      <description>Data moet nog gegenereerd of geactualiseerd worden.</description>
    </entry>
    <!-- - - - - - - - - - - - - - - - - - - - - - - - - -->
    <entry>
      <code>underDevelopment</code>
      <label>in ontwikkeling</label>
      <description>Data wordt momenteel gecre&#233;erd.</description>
    </entry>
    <!-- - - - - - - - - - - - - - - - - - - - - - - - - -->
  </codelist>
  <!-- ==================================================== -->
  <codelist name="gmd:MD_RestrictionCode">
    <entry>
      <code>copyright</code>
      <label>copyright</label>
      <description>Exclusief recht voor publicatie, productie,
        of verkoop van rechten op een literair,
        theater, muzikaal of artistiek werk, of op
        het gebruik van een commerci&#233;le druk of
        label, toegekend bij wet voor een
        specifieke periode of tijd aan een auteur,
        componist, artiest of distributeur.
      </description>
    </entry>
    <!-- - - - - - - - - - - - - - - - - - - - - - - - - -->
    <entry>
      <code>patent</code>
      <label>patent</label>
      <description>Overheid heeft een exclusief recht
        toegekend om een uitvinding te maken,
        verkopen, gebruiken of in licentie uit te
        geven.
      </description>
    </entry>
    <!-- - - - - - - - - - - - - - - - - - - - - - - - - -->
    <entry>
      <code>patentPending</code>
      <label>patent in
        wording
      </label>
      <description>Geproduceerde of verkochte informatie
        wachtend op een patent.
      </description>
    </entry>
    <!-- - - - - - - - - - - - - - - - - - - - - - - - - -->
    <entry>
      <code>trademark</code>
      <label>merknaam</label>
      <description>Een naam, symbool of ander object om
        een product te identificeren, wat officieel
        geregistreerd is en gebruik wettelijk
        voorbehouden is aan de eigenaar of
        fabrikant.
      </description>
    </entry>
    <!-- - - - - - - - - - - - - - - - - - - - - - - - - -->
    <entry>
      <code>license</code>
      <label>licentie</label>
      <description>Formele toestemming of iets te doen.</description>
    </entry>
    <!-- - - - - - - - - - - - - - - - - - - - - - - - - -->
    <entry>
      <code>intellectualPropertyRights</code>
      <label>intellectueel
        eigendom
      </label>
      <description>Recht op een financieel voordeel van en
        controle hebben op de distributie een niet
        tastbaar eigendom wat het resultaat is
        van creativiteit.
      </description>
    </entry>
    <!-- - - - - - - - - - - - - - - - - - - - - - - - - -->
    <entry>
      <code>restricted</code>
      <label>niet
        toegankelijk
      </label>
      <description>Verbod op distributie en gebruik.</description>
    </entry>
    <!-- - - - - - - - - - - - - - - - - - - - - - - - - -->
    <entry>
      <code>otherRestrictions</code>
      <label>anders</label>
      <description>Restrictie niet opgenomen in lijst.</description>
    </entry>
    <!-- - - - - - - - - - - - - - - - - - - - - - - - - -->
  </codelist>
  <!-- ==================================================== -->
  <codelist name="gmd:MD_ScopeCode">
    <entry>
      <code>attribute</code>
      <label>attribute</label>
      <description>information applies to the attribute class</description>
    </entry>
    <!-- - - - - - - - - - - - - - - - - - - - - - - - - -->
    <entry>
      <code>attributeType</code>
      <label>attributeType</label>
      <description>information applies to the characteristic of a feature</description>
    </entry>
    <!-- - - - - - - - - - - - - - - - - - - - - - - - - -->
    <entry>
      <code>collectionHardware</code>
      <label>collectionHardware</label>
      <description>information applies to the collection hardware class</description>
    </entry>
    <!-- - - - - - - - - - - - - - - - - - - - - - - - - -->
    <entry>
      <code>collectionSession</code>
      <label>collectionSession</label>
      <description>information applies to the collection session</description>
    </entry>
    <!-- - - - - - - - - - - - - - - - - - - - - - - - - -->
    <entry>
      <code>dataset</code>
      <label>dataset</label>
      <description>Informatie heeft betrekking op de
        dataset.
      </description>
    </entry>
    <!-- - - - - - - - - - - - - - - - - - - - - - - - - -->
    <entry>
      <code>series</code>
      <label>series</label>
      <description>Informatie heeft betrekking op de serie.</description>
    </entry>
    <!-- - - - - - - - - - - - - - - - - - - - - - - - - -->
    <entry>
      <code>nonGeographicDataset</code>
      <label>nonGeographicDataset</label>
      <description>information applies to non-geographic data</description>
    </entry>
    <!-- - - - - - - - - - - - - - - - - - - - - - - - - -->
    <entry>
      <code>dimensionGroup</code>
      <label>dimensionGroup</label>
      <description>information applies to a dimension group</description>
    </entry>
    <!-- - - - - - - - - - - - - - - - - - - - - - - - - -->
    <entry>
      <code>feature</code>
      <label>feature</label>
      <description>information applies to a feature</description>
    </entry>
    <!-- - - - - - - - - - - - - - - - - - - - - - - - - -->
    <entry>
      <code>featureType</code>
      <label>featureType</label>
      <description>information applies to a feature type</description>
    </entry>
    <!-- - - - - - - - - - - - - - - - - - - - - - - - - -->
    <entry>
      <code>propertyType</code>
      <label>propertyType</label>
      <description>information applies to a property type</description>
    </entry>
    <!-- - - - - - - - - - - - - - - - - - - - - - - - - -->
    <entry>
      <code>fieldSession</code>
      <label>fieldSession</label>
      <description>information applies to a field session</description>
    </entry>
    <!-- - - - - - - - - - - - - - - - - - - - - - - - - -->
    <entry>
      <code>software</code>
      <label>software</label>
      <description>information applies to a computer program or routine</description>
    </entry>
    <!-- - - - - - - - - - - - - - - - - - - - - - - - - -->
    <entry>
      <code>service</code>
      <label>service</label>
      <description>information applies to a capability which a service provider entity makes
        available to a service user entity through a set of interfaces that define a behaviour,
        such as a use case
      </description>
    </entry>
    <!-- - - - - - - - - - - - - - - - - - - - - - - - - -->
    <entry>
      <code>model</code>
      <label>model</label>
      <description>information applies to a copy or imitation of an existing or hypothetical
        object
      </description>
    </entry>
    <!-- - - - - - - - - - - - - - - - - - - - - - - - - -->
    <entry>
      <code>tile</code>
      <label>tile</label>
      <description>information applies to a tile, a spatial subset of geographic
        data
      </description>
    </entry>

    <!-- Used for facet translation only and not displayed in editor -->
    <entry hideInEditMode="true">
      <code>map</code>
      <label>Map</label>
      <description></description>
    </entry>
    <entry hideInEditMode="true">
      <code>staticMap</code>
      <label>Static map</label>
      <description></description>
    </entry>
    <entry hideInEditMode="true">
      <code>interactiveMap</code>
      <label>Interactive map</label>
      <description></description>
    </entry>
    <!-- - - - - - - - - - - - - - - - - - - - - - - - - -->
  </codelist>
  <!-- ==================================================== -->
  <codelist name="gmd:MD_SpatialRepresentationTypeCode">
    <entry>
      <code>vector</code>
      <label>vector</label>
      <description>Vector data wordt gebruikt om
        geografische data te representeren.
      </description>
    </entry>
    <!-- - - - - - - - - - - - - - - - - - - - - - - - - -->
    <entry>
      <code>grid</code>
      <label>grid</label>
      <description>Grid data wordt gebruikt om geografische
        data te representeren.
      </description>
    </entry>
    <!-- - - - - - - - - - - - - - - - - - - - - - - - - -->
    <entry>
      <code>textTable</code>
      <label>tekstTabel</label>
      <description>Tekstuele of tabel data wordt gebruikt
        om geografische data te representeren.
      </description>
    </entry>
    <!-- - - - - - - - - - - - - - - - - - - - - - - - - -->
    <entry>
      <code>tin</code>
      <label>tin</label>
      <description>Triangulated irregular network.</description>
    </entry>
    <!-- - - - - - - - - - - - - - - - - - - - - - - - - -->
    <entry>
      <code>stereoModel</code>
      <label>stereoModel</label>
      <description>3D overzicht wordt gevormd door
        intersectie van twee kernstralen van twee
        overlappende beelden.
      </description>
    </entry>
    <!-- - - - - - - - - - - - - - - - - - - - - - - - - -->
    <entry>
      <code>video</code>
      <label>video</label>
      <description>Sc&#232;ne uit een video opname.</description>
    </entry>
    <!-- - - - - - - - - - - - - - - - - - - - - - - - - -->
  </codelist>
  <!-- ==================================================== -->
  <codelist name="gmd:MD_TopicCategoryCode" alias="topicCategory">
    <entry>
      <code>farming</code>
      <label>landbouw en veeteelt</label>
      <description>Houden van dieren en/of verbouwen van
        planten. Vb: landbouw, irrigatie, ziekten die
        gewassen aantasten.
      </description>
    </entry>
    <!-- - - - - - - - - - - - - - - - - - - - - - - - - -->
    <entry>
      <code>biota</code>
      <label>biota</label>
      <description>Flora en fauna in natuurlijke omgeving.
        Vb: habitats, ecologie.
      </description>
    </entry>
    <!-- - - - - - - - - - - - - - - - - - - - - - - - - -->
    <entry>
      <code>boundaries</code>
      <label>grenzen</label>
      <description>Wettelijke gebiedsbeschrijvingen.
        Vb: politieke en administratieve grenzen.
      </description>
    </entry>
    <!-- - - - - - - - - - - - - - - - - - - - - - - - - -->
    <entry>
      <code>climatologyMeteorologyAtmosphere</code>
      <label>klimatologie,
        meteorologie
        atmosfeer
      </label>
      <description>Processen en fenomenen in de
        atmosfeer.
        Vb: wolkbedekking, weer, klimaat
        verandering.
      </description>
    </entry>
    <!-- - - - - - - - - - - - - - - - - - - - - - - - - -->
    <entry>
      <code>economy</code>
      <label>economie</label>
      <description>Economische activiteiten, condities en
        werkgelegenheid.
        Vb: Werkgelegenheid, industrie,
        toerisme, olie- en gasvelden, bosbouw,
        visserij.
      </description>
    </entry>
    <!-- - - - - - - - - - - - - - - - - - - - - - - - - -->
    <entry>
      <code>elevation</code>
      <label>hoogte</label>
      <description>Hoogte boven of onder zeeniveau.
        Vb: hoogtekaart, DEM, hellingen.
      </description>
    </entry>
    <!-- - - - - - - - - - - - - - - - - - - - - - - - - -->
    <entry>
      <code>environment</code>
      <label>natuur en
        milieu
      </label>
      <description>Natuurlijke bronnen, bescherming en beheer.
        Vb: milieuverontreiniging, landschap,
        natuurlijke reserves, vuilopslag.
      </description>
    </entry>
    <!-- - - - - - - - - - - - - - - - - - - - - - - - - -->
    <entry>
      <code>geoscientificInformation</code>
      <label>Geo wetenschappelijke data</label>
      <description>Data die behoort tot een
        aardwetenschap. Vb: geologie, mineralen, structuur van
        de aarde, zwaartekrachtskaart,
        grondstoffen, erosie.
      </description>
    </entry>
    <!-- - - - - - - - - - - - - - - - - - - - - - - - - -->
    <entry>
      <code>health</code>
      <label>gezondheid</label>
      <description>Gezondheid(szorg), menselijke ecologie
        en veiligheid.
        Vb: ziekten, hygi&#233;ne, gezondheidszorg.
      </description>
    </entry>
    <!-- - - - - - - - - - - - - - - - - - - - - - - - - -->
    <entry>
      <code>imageryBaseMapsEarthCover</code>
      <label>referentie
        materiaal
        aardbedekking
      </label>
      <description>Basiskaarten.
        Vb: landbedekking, topografische
        kaarten, foto's, ongeclassificeerde
        kaarten.
      </description>
    </entry>
    <!-- - - - - - - - - - - - - - - - - - - - - - - - - -->
    <entry>
      <code>intelligenceMilitary</code>
      <label>militair</label>
      <description>Militaire basissen, structuren en
        activiteiten.
        Vb: barakken, oefenterreinen, militaire
        transporten.
      </description>
    </entry>
    <!-- - - - - - - - - - - - - - - - - - - - - - - - - -->
    <entry>
      <code>inlandWaters</code>
      <label>binnenwater</label>
      <description>Binnenwater, drainagesystemen en hun
        karakteristieken.
        Vb: Rivieren en gletsjers, dijken,
        stromen, waterzuiveringsinstallaties,
        overloopgebieden.
      </description>
    </entry>
    <!-- - - - - - - - - - - - - - - - - - - - - - - - - -->
    <entry>
      <code>location</code>
      <label>locatie</label>
      <description>Positionele informatie en services.
        Vb: adressen, geodetisch netwerk,
        postcode gebieden, plaatsnamen,
        controlepunten.
      </description>
    </entry>
    <!-- - - - - - - - - - - - - - - - - - - - - - - - - -->
    <entry>
      <code>oceans</code>
      <label>oceanen</label>
      <description>Gebieden met zoutwaterlichamen (niet
        binnenlands). Vb: Getijden, tsunami's, kustinformatie,
        riffen.
      </description>
    </entry>
    <!-- - - - - - - - - - - - - - - - - - - - - - - - - -->
    <entry>
      <code>planningCadastre</code>
      <label>planning
        kadaster
      </label>
      <description>Informatie die gebruikt wordt voor
        nodige planmatige activiteiten.
        Vb: Landgebruik, kadastrale informatie.
      </description>
    </entry>
    <!-- - - - - - - - - - - - - - - - - - - - - - - - - -->
    <entry>
      <code>society</code>
      <label>maatschappij</label>
      <description>Kenmerken van maatschappij en
        culturen.
        Vb: antropologie, archeologie,
        criminaliteit, gewoonten, nederzettingen,
        onderwijs.
      </description>
    </entry>
    <!-- - - - - - - - - - - - - - - - - - - - - - - - - -->
    <entry>
      <code>structure</code>
      <label>(civiele)
        structuren
      </label>
      <description>Civiele werken (door mensen gemaakte
        structuren).
        Gebouwen, musea, kerken, winkels,
        torens.
      </description>
    </entry>
    <!-- - - - - - - - - - - - - - - - - - - - - - - - - -->
    <entry>
      <code>transportation</code>
      <label>transport</label>
      <description>Middelen voor vervoer van goederen
        en/of personen.
        Vb: Wegen, Vliegvelden, tunnels,
        spoorwegen.
      </description>
    </entry>
    <!-- - - - - - - - - - - - - - - - - - - - - - - - - -->
    <entry>
      <code>utilitiesCommunication</code>
      <label>nutsbedrijven
        communicatie
      </label>
      <description>Energie, waterleidingen en riolering en
        communicatie infrastructuren en
        services.
        Vb: elektriciteit- en gasdistributie,
        waterzuivering en verstrekking,
        telecommunicatie, radio.
      </description>
    </entry>
    <!-- - - - - - - - - - - - - - - - - - - - - - - - - -->
  </codelist>
  <!-- ==================================================== -->
  <codelist name="gmd:MD_TopologyLevelCode">
    <entry>
      <code>geometryOnly</code>
      <label>Alleen geometrie</label>
      <description>geometry objects without any additional structure which describes
        topology
      </description>
    </entry>
    <!-- - - - - - - - - - - - - - - - - - - - - - - - - -->
    <entry>
      <code>topology1D</code>
      <label>1D topologie</label>
      <description>1-dimensional topological complex -- commonly called chain-node
        topology
      </description>
    </entry>
    <!-- - - - - - - - - - - - - - - - - - - - - - - - - -->
    <entry>
      <code>planarGraph</code>
      <label>Planar Graph</label>
      <description>1-dimensional topological complex that is planar. (A planar graph is a graph
        that can be drawn in a plane in such a way that no two edges intersect except at a
        vertex.)
      </description>
    </entry>
    <!-- - - - - - - - - - - - - - - - - - - - - - - - - -->
    <entry>
      <code>fullPlanarGraph</code>
      <label>Full Planar Graph</label>
      <description>2-dimensional topological complex that is planar. (A 2-dimensional topological
        complex is commonly called full topology in a cartographic 2D
        environment.)
      </description>
    </entry>
    <!-- - - - - - - - - - - - - - - - - - - - - - - - - -->
    <entry>
      <code>surfaceGraph</code>
      <label>Surface Graph</label>
      <description>1-dimensional topological complex that is isomorphic to a subset of a surface.
        (A geometric complex is isomorphic to a topological complex if their elements are in a
        one-to-one, dimensional-and boundry-preserving correspondence to one
        another.)
      </description>
    </entry>
    <!-- - - - - - - - - - - - - - - - - - - - - - - - - -->
    <entry>
      <code>fullSurfaceGraph</code>
      <label>Full Surface Graph</label>
      <description>2-dimensional topological complex that is isomorphic to a subset of a
        surface
      </description>
    </entry>
    <!-- - - - - - - - - - - - - - - - - - - - - - - - - -->
    <entry>
      <code>topology3D</code>
      <label>3D Topologie</label>
      <description>3-dimensional topological complex. (A topological complex is a collection of
        topological primitives that are closed under the boundary operations.)
      </description>
    </entry>
    <!-- - - - - - - - - - - - - - - - - - - - - - - - - -->
    <entry>
      <code>fullTopology3D</code>
      <label>Full 3D Topologie</label>
      <description>complete coverage of a 3D Euclidean coordinate space</description>
    </entry>
    <!-- - - - - - - - - - - - - - - - - - - - - - - - - -->
    <entry>
      <code>abstract</code>
      <label>abstract</label>
      <description>topological complex without any specified geometric realisation</description>
    </entry>
    <!-- - - - - - - - - - - - - - - - - - - - - - - - - -->
  </codelist>
  <!-- ==================================================== -->
  <codelist name="gmd:MX_ScopeCode">
    <entry>
      <code>attribute</code>
      <label>Attribute</label>
      <description>information applies to the attribute class</description>
    </entry>
    <!-- - - - - - - - - - - - - - - - - - - - - - - - - -->
    <entry>
      <code>attributeType</code>
      <label>Attribute type</label>
      <description>information applies to the characteristic of a feature</description>
    </entry>
    <!-- - - - - - - - - - - - - - - - - - - - - - - - - -->
    <entry>
      <code>collectionHardware</code>
      <label>Collection hardware</label>
      <description>information applies to the collection hardware class</description>
    </entry>
    <!-- - - - - - - - - - - - - - - - - - - - - - - - - -->
    <entry>
      <code>collectionSession</code>
      <label>Collection Session</label>
      <description>information applies to the collection session</description>
    </entry>
    <!-- - - - - - - - - - - - - - - - - - - - - - - - - -->
    <entry>
      <code>dataset</code>
      <label>Dataset</label>
      <description>information applies to the dataset</description>
    </entry>
    <!-- - - - - - - - - - - - - - - - - - - - - - - - - -->
    <entry>
      <code>series</code>
      <label>Series</label>
      <description>information applies to the series</description>
    </entry>
    <!-- - - - - - - - - - - - - - - - - - - - - - - - - -->
    <entry>
      <code>nonGeographicDataset</code>
      <label>Niet Geographische Dataset</label>
      <description>information applies to non-geographic data</description>
    </entry>
    <!-- - - - - - - - - - - - - - - - - - - - - - - - - -->
    <entry>
      <code>dimensionGroup</code>
      <label>Dimension Group</label>
      <description>information applies to a dimension group</description>
    </entry>
    <!-- - - - - - - - - - - - - - - - - - - - - - - - - -->
    <entry>
      <code>feature</code>
      <label>Feature</label>
      <description>information applies to a feature</description>
    </entry>
    <!-- - - - - - - - - - - - - - - - - - - - - - - - - -->
    <entry>
      <code>featureType</code>
      <label>Feature Type</label>
      <description>information applies to a feature type</description>
    </entry>
    <!-- - - - - - - - - - - - - - - - - - - - - - - - - -->
    <entry>
      <code>propertyType</code>
      <label>Property Type</label>
      <description>information applies to a property type</description>
    </entry>
    <!-- - - - - - - - - - - - - - - - - - - - - - - - - -->
    <entry>
      <code>fieldSession</code>
      <label>FieldSession</label>
      <description>information applies to a field session</description>
    </entry>
    <!-- - - - - - - - - - - - - - - - - - - - - - - - - -->
    <entry>
      <code>software</code>
      <label>Software</label>
      <description>information applies to a computer program or routine</description>
    </entry>
    <!-- - - - - - - - - - - - - - - - - - - - - - - - - -->
    <entry>
      <code>service</code>
      <label>Service</label>
      <description>information applies to a capability which a service provider entity makes
        available to a service user entity through a set of interfaces that define a behaviour,
        such as a use case
      </description>
    </entry>
    <!-- - - - - - - - - - - - - - - - - - - - - - - - - -->
    <entry>
      <code>model</code>
      <label>Model</label>
      <description>information applies to a copy or imitation of an existing or hypothetical
        object
      </description>
    </entry>
    <!-- - - - - - - - - - - - - - - - - - - - - - - - - -->
    <entry>
      <code>tile</code>
      <label>Tile</label>
      <description>information applies to a tile, a spatial subset of geographic
        data
      </description>
    </entry>
    <!-- - - - - - - - - - - - - - - - - - - - - - - - - -->
    <entry>
      <code>initiative</code>
      <label>Initiative</label>
      <description>The referencing entity applies to a transfer aggregate which was originally
        identified as an initiative (DS_Initiative)
      </description>
    </entry>
    <!-- - - - - - - - - - - - - - - - - - - - - - - - - -->
    <entry>
      <code>stereomate</code>
      <label>Stereomate</label>
      <description>The referencing entity applies to a transfer aggregate which was originally
        identified as a stereo mate (DS_StereoMate)
      </description>
    </entry>
    <!-- - - - - - - - - - - - - - - - - - - - - - - - - -->
    <entry>
      <code>sensor</code>
      <label>Sensor</label>
      <description>The referencing entity applies to a transfer aggregate which was originally
        identified as a sensor (DS_Sensor)
      </description>
    </entry>
    <!-- - - - - - - - - - - - - - - - - - - - - - - - - -->
    <entry>
      <code>platformSeries</code>
      <label>Platform Series</label>
      <description>The referencing entity applies to a transfer aggregate which was originally
        identified as a platform series (DS_PlatformSeries)
      </description>
    </entry>
    <!-- - - - - - - - - - - - - - - - - - - - - - - - - -->
    <entry>
      <code>sensorSeries</code>
      <label>Sensor Series</label>
      <description>The referencing entity applies to a transfer aggregate which was originally
        identified as a sensor series (DS_SensorSeries)
      </description>
    </entry>
    <!-- - - - - - - - - - - - - - - - - - - - - - - - - -->
    <entry>
      <code>productionSeries</code>
      <label>Production Series</label>
      <description>The referencing entity applies to a transfer aggregate which was originally
        identified as a production series (DS_ProductionSeries)
      </description>
    </entry>
    <!-- - - - - - - - - - - - - - - - - - - - - - - - - -->
    <entry>
      <code>transferAggregate</code>
      <label>Transfer Aggregate</label>
      <description>The referencing entity applies to a transfer aggregate which has no existence
        outside of the transfer context
      </description>
    </entry>
    <!-- - - - - - - - - - - - - - - - - - - - - - - - - -->
    <entry>
      <code>otherAggregate</code>
      <label>Other Aggregate</label>
      <description>The referencing entity applies to a transfer aggregate which has an existence
        outside of the transfer context, but which does not pertains to a specific aggregate
        type.
      </description>
    </entry>
    <!-- - - - - - - - - - - - - - - - - - - - - - - - - -->
  </codelist>
  <!-- ==================================================== -->
  <codelist name="srv:DCPList">
    <entry>
      <description>DCP is XML</description>
      <code>XML</code>
      <label>XML</label>
    </entry>
    <entry>
      <description>DCP is CORBA</description>
      <code>CORBA</code>
      <label>CORBA</label>
    </entry>
    <entry>
      <description>DCP is JAVA</description>
      <code>JAVA</code>
      <label>JAVA</label>
    </entry>
    <entry>
      <description>DCP is COM</description>
      <code>COM</code>
      <label>COM</label>
    </entry>
    <entry>
      <description>DCP is SQL</description>
      <code>SQL</code>
      <label>SQL</label>
    </entry>
    <entry>
      <description>DCP is WebServices</description>
      <code>WebServices</code>
      <label>WebServices</label>
    </entry>
    <entry>
      <code>httpGet</code>
      <label>httpGet</label>
      <description>Vraagt een representatie van de specifieke resource, door middel van een URL
        codering of naam/waarde paar.
      </description>
    </entry>
    <entry>
      <code>httpPost</code>
      <label>httpPost</label>
      <description>Verzend gebruikersdata naar de ge&#239;dentificeerde resource. De data is
        opgenomen in de "request".
      </description>
    </entry>
    <entry>
      <code>httpSoap</code>
      <label>httpSoap</label>
      <description>Verzend gebruikersdata naar de ge&#239;dentificeerde resource over httpPost. De
        data is opgenomen
        in de "request". Deze "request" is een "SOAP request".
      </description>
    </entry>
  </codelist>
  <!--=== CouplingType from ISO19119 ===-->
  <codelist name="srv:SV_CouplingType">
    <entry>
      <code>tight</code>
      <label>tight</label>
      <description>Een service instance die gekoppeld is met een specifieke dataset of dataset
        serie. Service metadata dienen zowel de service als geografische dataset te beschrijven
        (door middel van ISO
        19115).
      </description>
    </entry>
    <entry>
      <code>mixed</code>
      <label>mixed</label>
      <description>Een service instance die gekoppeld is met een specifieke dataset of dataset
        serie. Service metadata dienen zowel de service als geografische dataset te beschrijven
        (door middel van ISO
        19115). Daarnaast kan deze service instance ook gebruikt worden met externe data (data die
        niet wordt beschreven door de operatesOn klasse).
      </description>
    </entry>
    <entry>
      <code>loose</code>
      <label>loose</label>
      <description>Een service instance die niet gekoppeld is met een specifieke dataset of dataset
        serie.
        Looselycoupled services zouden een associatie kunnen hebben met een datatype door de
        serviceType definitie. Metadata voor data wordt niet geleverd in de service metadata.
      </description>
    </entry>
  </codelist>
  <!-- ==================================================== -->
  <!-- ==================================================== -->
  <codelist name="srv:SV_ServiceType">
    <entry>
      <code>OGC:CSW</code>
      <label>OGC:CSW</label>
      <description>Web Catalogue Service</description>
    </entry>
    <entry>
      <code>OGC:WMS</code>
      <label>OGC:WMS</label>
      <description>Web Map Service</description>
    </entry>
    <entry>
      <code>OGC:WFS</code>
      <label>OGC:WFS</label>
      <description>Web Feature Service</description>
    </entry>
    <entry>
      <code>OGC:WCS</code>
      <label>OGC:WCS</label>
      <description>Web Coverage Service</description>
    </entry>
    <entry>
      <code>OGC:WCTS</code>
      <label>OGC:WCTS</label>
      <description>Web Coordinate Transformation Service</description>
    </entry>
    <entry>
      <code>OGC:WPS</code>
      <label>OGC:WPS</label>
      <description>Web Processing Service</description>
    </entry>
    <entry>
      <code>UKST</code>
      <label>UKST</label>
      <description>Unknown Service Type</description>
    </entry>
    <entry>
      <code>OGC:WMC</code>
      <label>OGC:WMC</label>
      <description>Web Map Context</description>
    </entry>
    <entry>
      <code>OGC:GML</code>
      <label>OGC:GML</label>
      <description>Geography Markup Language</description>
    </entry>
    <entry>
      <code>OGC:KML</code>
      <label>OGC:KML</label>
      <description>Keyhole Mark-up Language</description>
    </entry>
    <entry>
      <code>website</code>
      <label>website</label>
      <description>website</description>
    </entry>
    <entry>
      <code>download</code>
      <label>download</label>
      <description>download</description>
    </entry>
  </codelist>
  <codelist name="srv:SV_ParameterDirection">
    <entry>
      <code>in</code>
      <label>Input</label>
    </entry>
    <entry>
      <code>out</code>
      <label>Output</label>
    </entry>
    <entry>
      <code>in/out</code>
      <label>Input/output</label>
    </entry>
  </codelist>
  <codelist name="gco:nilReason">
    <entry>
      <code>missing</code>
      <label>Missend</label>
    </entry>
    <entry>
      <code>inapplicable</code>
      <label>Niet van toepassing</label>
    </entry>
    <entry>
      <code>template</code>
      <label>Template</label>
    </entry>
    <entry>
      <code>unknown</code>
      <label>Onbekend</label>
    </entry>
    <entry>
      <code>withheld</code>
      <label>Achterhouden</label>
    </entry>
  </codelist>

  <codelist name="indeterminatePosition">
    <entry>
      <code>after</code>
      <label>Na</label>
    </entry>
    <entry>
      <code>before</code>
      <label>Eerder</label>
    </entry>
    <entry>
      <code>now</code>
      <label>Nu</label>
    </entry>
    <entry>
      <code>unknown</code>
      <label>Onbekend</label>
    </entry>
  </codelist>
</codelists>
