<?xml version="1.0" encoding="UTF-8"?>
<!--
  ~ Copyright (C) 2001-2016 Food and Agriculture Organization of the
  ~ United Nations (FAO-UN), United Nations World Food Programme (WFP)
  ~ and United Nations Environment Programme (UNEP)
  ~
  ~ This program is free software; you can redistribute it and/or modify
  ~ it under the terms of the GNU General Public License as published by
  ~ the Free Software Foundation; either version 2 of the License, or (at
  ~ your option) any later version.
  ~
  ~ This program is distributed in the hope that it will be useful, but
  ~ WITHOUT ANY WARRANTY; without even the implied warranty of
  ~ MERCHANTABILITY or FITNESS FOR A PARTICULAR PURPOSE. See the GNU
  ~ General Public License for more details.
  ~
  ~ You should have received a copy of the GNU General Public License
  ~ along with this program; if not, write to the Free Software
  ~ Foundation, Inc., 51 Franklin St, Fifth Floor, Boston, MA 02110-1301, USA
  ~
  ~ Contact: Jeroen Ticheler - FAO - Viale delle Terme di Caracalla 2,
  ~ Rome - Italy. email: geonetwork@osgeo.org
  -->
<strings>
  <schematron.title>Geonetwork Rules</schematron.title>
  <m500>[Jazyk] - Jazyk metaúdajov nie je definovaný, ale iný jazyk je deklarovaný - Jazyk používaný v rámci zdroja NESMIE BYŤ definovaný v inej jazykovej sekcií.</m500>
  <alert.m500>
    <div>Skontrolujte, či jazyk metaúdajov nie je definovaný a iný jazyk (v gmd:locale) prvok existuje (pozri Advanced view / metadata section)
      <br/><span class="validationReportSuggestion">Návrhy: Definujte jazyk metaúdajov alebo
        odstráňte definíciu iného jazyka .
      </span>
</div>
  </alert.m500>
  <report.m500>Jazyk metaúdajov je:</report.m500>
</strings>
