<?xml version="1.0" encoding="UTF-8"?>
<!--
  ~ Copyright (C) 2001-2016 Food and Agriculture Organization of the
  ~ United Nations (FAO-UN), United Nations World Food Programme (WFP)
  ~ and United Nations Environment Programme (UNEP)
  ~
  ~ This program is free software; you can redistribute it and/or modify
  ~ it under the terms of the GNU General Public License as published by
  ~ the Free Software Foundation; either version 2 of the License, or (at
  ~ your option) any later version.
  ~
  ~ This program is distributed in the hope that it will be useful, but
  ~ WITHOUT ANY WARRANTY; without even the implied warranty of
  ~ MERCHANTABILITY or FITNESS FOR A PARTICULAR PURPOSE. See the GNU
  ~ General Public License for more details.
  ~
  ~ You should have received a copy of the GNU General Public License
  ~ along with this program; if not, write to the Free Software
  ~ Foundation, Inc., 51 Franklin St, Fifth Floor, Boston, MA 02110-1301, USA
  ~
  ~ Contact: Jeroen Ticheler - FAO - Viale delle Terme di Caracalla 2,
  ~ Rome - Italy. email: geonetwork@osgeo.org
  -->
<strings>
  <schematron.title>INSPIRE prísne pravidlá rozšírenia</schematron.title>
  <report.m44.spec>
    <div>Špecifikácia:</div>
  </report.m44.spec>
  <assert.m44.date>
    <div>Správa o súlade vyžaduje dátum.</div>
  </assert.m44.date>
  <assert.m44.title>
    <div>Správa o súlade vyžaduje názov v jazyku metaúdajov</div>
  </assert.m44.title>
  <assert.m44.conformityactual>
    <div>Invalid Conformity Title:
      <br/>
</div>
  </assert.m44.conformityactual>
  <assert.m44.conformityexpected>
    <div><br/>Expected Conformity Title:
      <br/></div>
  </assert.m44.conformityexpected>
  <report.m44.degree>
    <div>Bola zistená miera súladu:</div>
  </report.m44.degree>
</strings>
